"","Gemiddelde WOZ-waarde van woningen op 1 januari; eigendom, regio","...2","...3","...4","...5","...6","...7","...8","...9","...10","...11","...12","...13","...14","...15","...16","...17","...18","...19","...20","...21","...22","...23","...24","...25"
"1","Onderwerp: |Gemiddelde WOZ-waarde van woningen",NA,NA,NA,NA,NA,NA,NA,NA,NA,NA,NA,NA,NA,NA,NA,NA,NA,NA,NA,NA,NA,NA,NA,NA
"2",NA,NA,NA,NA,NA,NA,NA,NA,NA,NA,NA,NA,NA,NA,NA,NA,NA,NA,NA,NA,NA,NA,NA,NA,NA
"3","Perioden","2019","2019","2019","2019","2020","2020","2020","2020","2021","2021","2021","2021","2022","2022","2022","2022","2023","2023","2023","2023","2024**","2024**","2024**","2024**"
"4","Eigendom","Totaal","Koopwoningen","Huurwoning in bezit woningcorporatie","Eigendom overige verhuurders","Totaal","Koopwoningen","Huurwoning in bezit woningcorporatie","Eigendom overige verhuurders","Totaal","Koopwoningen","Huurwoning in bezit woningcorporatie","Eigendom overige verhuurders","Totaal","Koopwoningen","Huurwoning in bezit woningcorporatie","Eigendom overige verhuurders","Totaal","Koopwoningen","Huurwoning in bezit woningcorporatie","Eigendom overige verhuurders","Totaal","Koopwoningen","Huurwoning in bezit woningcorporatie","Eigendom overige verhuurders"
"5","Regio's","1 000 euro","1 000 euro","1 000 euro","1 000 euro","1 000 euro","1 000 euro","1 000 euro","1 000 euro","1 000 euro","1 000 euro","1 000 euro","1 000 euro","1 000 euro","1 000 euro","1 000 euro","1 000 euro","1 000 euro","1 000 euro","1 000 euro","1 000 euro","1 000 euro","1 000 euro","1 000 euro","1 000 euro"
"6","Nederland","250","299","164","229","271","323","179","248","290","345","192","261","317","378","211","279","368","438","249","322","379","453","256","325"
"7","Groningen (PV)","177","215","117","155","190","230","126","166","205","249","137","178","228","277","153","197","268","324","183","228","279","339","191","231"
"8","Fryslân (PV)","190","228","113","156","202","243","121","162","217","262","132","170","241","290","146","187","277","334","172","209","290","349","181","217"
"9","Drenthe (PV)","203","240","117","165","215","255","124","172","230","272","133","181","255","302","147","196","294","348","172","222","307","363","180","231"
"10","Overijssel (PV)","221","265","138","182","235","283","147","190","251","302","159","202","280","336","176","222","325","390","209","254","343","412","221","266"
"11","Flevoland (PV)","218","248","148","205","241","274","165","223","262","297","181","240","292","332","201","264","347","395","243","302","362","412","254","310"
"12","Gelderland (PV)","246","294","155","208","263","314","166","220","281","335","177","233","310","371","197","252","364","434","236","292","380","453","246","303"
"13","Utrecht (PV)","301","361","191","257","326","390","211","278","349","417","230","296","382","457","256","314","447","535","302","366","450","540","302","366"
"14","Noord-Holland (PV)","318","374","224","328","350","410","250","358","368","435","260","366","394","471","276","380","460","547","330","443","461","553","328","434"
"15","Zuid-Holland (PV)","236","299","152","198","261","328","171","221","282","354","188","240","311","388","210","263","359","447","244","301","373","464","255","310"
"16","Zeeland (PV)","205","237","123","173","215","249","128","180","228","264","137","189","248","287","149","205","281","326","169","226","304","352","183","243"
"17","Noord-Brabant (PV)","260","309","165","221","278","330","177","234","295","351","189","247","323","385","208","266","370","440","240","302","384","458","249","310"
"18","Limburg (PV)","203","243","123","173","218","261","132","184","231","278","139","190","246","295","153","203","288","345","181","232","290","349","183","231"
"19","Aa en Hunze","241","276","115","228","257","292","122","250","271","309","129","257","298","340","140","286","342","390","165","313","347","396","166","310"
"20","Aalsmeer","337","393","221","264","361","421","237","279","383","447","248","301","427","498","278","337","494","574","331","385","491","573","329","382"
"21","Aalten","209","234","132",".","223","249","141","191","238","265","153","201","265","294","174","225","312","347","208","257","330","366","220","273"
"22","Achtkarspelen","182","217","110","174","192","229","118","177","206","247","127","185","226","270","140","196","256","305","161","211","271","323","171","219"
"23","Alblasserdam","217","257","142","220","234","278","153","240","252","299","163","260","274","326","175","281","324","385","207","326","343","408","221","345"
"24","Albrandswaard","286","330","173","267","311","358","190","284","332","381","203","297","366","419","227","329","430","492","265","381","447","512","274","389"
"25","Alkmaar","221","267","146","181","243","292","164","201","261","312","179","210","287","346","197","224","341","410","235","268","359","427","254","282"
"26","Almelo","170","211","111","152","184","230","120","160","198","248","131","169","224","281","146","187","271","339","180","219","284","353","191","229"
"27","Almere","222","250","162","203","251","282","184","229","276","310","205","250","310","348","229","281","363","409","267","321","375","424","276","333"
"28","Alphen aan den Rijn","246","288","160","202","264","310","172","215","282","330","187","226","309","362","206","242","360","420","244","280","373","438","251","288"
"29","Alphen-Chaam","333","364","172","300","351","384","181","314","372","408","196","320","402","442","213","340","442","486","241","367","459","506","254","367"
"30","Altena","257","291","167","237","273","310","177","248","291","330","188","256","320","363","207","282","376","427","246","329","396","449","259","340"
"31","Ameland","246","273",NA,"180","246","279",NA,"175","263","297",NA,"191","310","351",NA,"227","342","393",NA,"243","348","400",NA,"241"
"32","Amersfoort","283","341","192","222","306","368","210","239","330","398","228","259","367","441","256","282","432","518","305","331","420","504","295","323"
"33","Amstelveen","384","494","259","315","420","539","283","350","442","572","298","361","470","608","315","384","527","683","354","434","536","684","372","440"
"34","Amsterdam","375","494","279","388","416","549","314","423","423","563","317","428","433","582","324","434","516","685","393","512","498","666","377","490"
"35","Apeldoorn","245","295","157","208","263","316","168","221","278","336","175","228","306","370","195","243","376","453","246","296","382","461","249","298"
"36","Appingedam","143","179","109","116","155","193","118","119",NA,NA,NA,NA,NA,NA,NA,NA,NA,NA,NA,NA,NA,NA,NA,NA
"37","Arnhem","206","265","148","176","221","287","155","191","240","313","169","204","265","348","185","226","322","420","231","272","335","435","241","282"
"38","Assen","184","222","117","144","195","236","126","148","210","254","139","155","237","286","160","174","277","333","190",".","284","340","194","."
"39","Asten","299","337","172","299","321","363","186","314","331","374","193","324","364","410","215","356","402","455","234","386","417","470","243","404"
"40","Baarle-Nassau","298","333","164","255","316","353","174","274","337","377","188","281","361","402","206","294","393","439","225","315","412","460","247","325"
"41","Baarn","316","391","183","218","343","424","200","237","373","462","218","257","410","504","248","279","470","578","289","311","490","603","301","323"
"42","Barendrecht","288","321","186","266","314","353","203","281","336","377","218","299","367","409","251","326","420","470","283","366","436","486","296","379"
"43","Barneveld","297","344","175","232","317","369","187","244","339","395","201","258","376","439","219","279","434","505","260","314","453","527","272","328"
"44","Beek (L.)","205","236","119","164","223","256","131","176","238","274","139","185","252","290","150","191","292","336","176","223","295","340","176","227"
"45","Beekdaelen","213","240","120","178","230","258","130","193","245","276","139","205","263","296","150","221","303","341","177","244","306","344","178","243"
"46","Beemster","369","409","207","377","405","447","227","419","429","475","240","424",NA,NA,NA,NA,NA,NA,NA,NA,NA,NA,NA,NA
"47","Beesel","201","232","126","184","220","255","140","201","238","274","155","214","251","288","168","218","290","334","195","229","296","341","199","235"
"48","Berg en Dal","244","293","153","207","259","309","164","215","276","329","176","228","304","363","195","242","348","412","232","277","371","435","253","304"
"49","Bergeijk","311","340","161","276","325","357","165","288","346","380","176","298","385","424","194","328","432","474","223","359","473","520","245","385"
"50","Bergen (L.)","229","255","138","288","247","274","152","298","262","293","161","299","281","313","172","319","326","364","202","346","333","372","204","365"
"51","Bergen (NH.)","381","447","205","287","414","485","229","311","439","515","244","330","478","561","263","357","547","643","300","406","579","677","333","428"
"52","Bergen op Zoom","221","263","147","198","233","279","156","205","249","298","164","217","270","322","179","236","304","362","202","266","312","370","209","267"
"53","Berkelland","241","279","136","230","255","295","146","240","273","314","162","251","298","344","174","279","355","408","213","314","370","425","224","321"
"54","Bernheze","306","342","175","287","326","370","192","270","333","378","196","268","374","425","221","297","431","491","257","335","457","523","272","340"
"55","Best","292","324","189","246","308","343","198","260","321","359","207","269","359","403","227","311","403","455","244","345","429","484","261","361"
"56","Beuningen","251","287","150",".","271","310","163","224","291","332","176","245","329","375","203","269","377","429","235","302","392","445","245","315"
"57","Beverwijk","214","258","160","164","239","285","182","182","259","309","196","199","286","344","216","216","340","408","262","256","336","406","252","256"
"58","De Bilt","394","500","207","258","421","532","229","279","446","562","247","291","473","591","272","307","573","714","329","385","579","720","336","383"
"59","Bladel","293","322","179","243","310","341","190","258","331","366","200","272","366","409","213","286","406","455","240","303","434","484","265","318"
"60","Blaricum","590","711","230","528","636","757","261","574","686","816","280","623","730","865","308","736","840","987","399","778","857","1012","399","768"
"61","Bloemendaal","681","809","262","560","735","870","288","614","775","916","303","637","829","982","326","632","925","1100","361","673","904","1082","357","619"
"62","Bodegraven-Reeuwijk","307","348","186","244","330","371","205","271","352","395","223","289","381","426","247","307","434","488","277","339","450","505","289","353"
"63","Boekel","285","314","148","281","304","336","160","291","309","343","163","288","344","383","183","301","397","443","212","339","417","467","224","351"
"64","Borger-Odoorn","197","222","109","177","209","236","114","185","227","256","123","218","253","286","139","233","297","334","168","266","304","342","171","."
"65","Borne","246","277","157","224","261","294","166","234","280","316","180","248","313","354","200","271","369","416","239","314","393","443","255","330"
"66","Borsele","222","246","140","214","232","257","144","226","242","268","153","232","264","292","170","243","295","325","189","273","318","350","207","287"
"67","Boxmeer","250","289","148","204","256","297","153","208","266","307","158","220",NA,NA,NA,NA,NA,NA,NA,NA,NA,NA,NA,NA
"68","Boxtel","267","320","160","252","284","341","173","251","298","359","177","250","324","391","188","279","373","451","225","299","379","458","226","304"
"69","Breda","271","342","164","212","292","370","180","226","313","398","193","238","336","426","209","257","381","481","240","293","390","493","247","299"
"70","Brielle","237","268","157","221","258","290","173","239","277","312","188","251","306","343","210","276",NA,NA,NA,NA,NA,NA,NA,NA
"71","Bronckhorst","272","308","152","241","290","329","162","253","303","343","173","263","349","397","199","287","417","474","243","329","438","498","261","342"
"72","Brummen","253","306","152","245","265","322","160","228","279","338","168","243","310","375","188","266","370","445","229","308","381","458","236","306"
"73","Brunssum","148","172","96","137","161","189","102","148","172","202","111","157","188","219","126","169","222","258","152","195","223","259","155","194"
"74","Bunnik","350","386","208","293","382","422","230","313","407","449","244","336","435","481","268","347","528","584","332","428","522","576","331","429"
"75","Bunschoten","293","319","196","236","314","343","209","247","340","372","227","262","374","409","251","289","419","461","278","321","438","482","292","336"
"76","Buren","307","341","176","320","327","362","189","345","345","383","199","354","380","420","224","377","415","459","246","408","444","492","260","425"
"77","Capelle aan den IJssel","204","255","132","183","229","288","148","199","246","308","160","214","270","336","180","232","310","383","212","262","350","422","257","292"
"78","Castricum","313","346","199","243","340","378","206","262","370","413","222","269","405","452","242","291","476","535","285","316","484","543","297","328"
"79","Coevorden","203","236","112","170","214","250","117","180","225","263","123","185","250","293","136","200","287","333","161","225","297","346","167","234"
"80","Cranendonck","262","292","147","234","279","311","157","245","296","331","166","255","328","368","179","273","355","399","198","285","372","422","208","285"
"81","Cuijk","225","262","146","206","238","278","156","207","256","298","169","227",NA,NA,NA,NA,NA,NA,NA,NA,NA,NA,NA,NA
"82","Culemborg","235","272","166","185","253","292","178","197","275","318","197","206","309","355","225","232","368","423","265","283","388","451","266","297"
"83","Dalfsen","294","323","182","249","312","344","193","267","329","363","207","280","356","392","223","298","399","442","251","319","430","477","272","339"
"84","Dantumadiel","184","220","116","174","193","231","121","186","214","258","131","200","247","300","147","220","289","353","170","251","308","373","184","259"
"85","Delft","211","297","144","194","241","340","165","219","263","371","181","236","288","404","202","260","322","450","226","287","336","469","238","296"
"86","Delfzijl","131","151","91","111","138","160","96","118",NA,NA,NA,NA,NA,NA,NA,NA,NA,NA,NA,NA,NA,NA,NA,NA
"87","Deurne","275","317","175","241","297","341","191","267","304","348","196","270","340","389","223","289","387","446","252","323","397","458","258","327"
"88","Deventer","210","262","134","161","225","281","146","171","242","304","156","183","272","339","178","206","324","403","217","243","342","423","231","258"
"89","Diemen","275","346","197","243","307","396","225","260","330","429","238","281","365","467","275","311","429","541","335","365","428","540","335","366"
"90","Dijk en Waard",NA,NA,NA,NA,NA,NA,NA,NA,NA,NA,NA,NA,"312","350","205","239","366","414","239","272","392","443","258","288"
"91","Dinkelland","284","317","140","244","298","332","146","251","312","349","155","257","340","380","166","274","379","422","190","310","411","458","210","328"
"92","Doesburg","199","244","144","181","211","259","151","189","229","280","165","206","253","314","176","220","287","357","198","249","298","371","203","259"
"93","Doetinchem","209","252","135","172","220","266","141","178","235","285","148","190","259","317","158","208","303","371","187","237","313","385","191","244"
"94","Dongen","248","281","151","216","266","300","165","231","283","320","176","241","305","344","192","256","342","384","223","289","353","397","225","292"
"95","Dordrecht","188","233","115","148","207","257","125","162","226","283","136","175","248","308","151","193","295","365","184","230","309","380","196","238"
"96","Drechterland","264","300","148","218","283","321","166","229","305","346","185","212","337","382","206","230","399","451","249","263","413","468","250","269"
"97","Drimmelen","257","284","173","251","272","302","180","263","294","324","198","288","336","375","215","316","373","417","240","344","413","462","259","381"
"98","Dronten","230","265","138","231","244","282","148","233","260","298","160","249","284","324","179","253","337","384","219","288","353","404","226","297"
"99","Druten","243","279","145",".","262","301","158",".","280","319","173",".","313","358","200",".","347","396","222",".","368","420","238","."
"100","Duiven","226","254","159","203","244","275","171","218","262","296","183","236","291","328","203","265","345","394","231","311","354","404","234","319"
"101","Echt-Susteren","215","241","127","205","231","258","138","217","248","278","149","229","260","290","157","236","303","338","186","262","303","339","188","260"
"102","Edam-Volendam","279","302","182","255","306","330","203","280","329","357","216","284","363","393","241","317","401","434","274","342","409","443","279","342"
"103","Ede","271","315","161","217","291","338","172","232","310","360","186","244","335","393","202","250","386","455","238","283","414","488","257","299"
"104","Eemnes","344","383","211","366","378","420","236","400","409","455","250","422","444","490","284","458","517","572","329","521","526","590","329","534"
"105","Eemsdelta",NA,NA,NA,NA,NA,NA,NA,NA,"165","197","115","135","182","218","129","140","213","254","157","166","228","272","170","166"
"106","Eersel","308","346","174","261","327","367","185","274","348","389","199","290","397","448","218","319","447","504","243","358","485","547","271","371"
"107","Eijsden-Margraten","263","287","150","202","279","307","158","204","299","329","170","221","317","346","188","234","377","413","221","276","385","423","224","280"
"108","Eindhoven","246","307","187","210","265","334","201","224","287","360","219","246","314","393","242","267","360","450","281","308","363","457","280","307"
"109","Elburg","250","290","165","213","269","310","185","217","287","330","196","236","307","355","209","236","345","399","235","266","363","420","247","279"
"110","Emmen","163","196","100","137","174","209","106","147","186","224","112","156","208","252","124","169","240","289","146","192","251","301","152","202"
"111","Enkhuizen","206","236","154","171","224","261","161","184","243","286","175","184","269","317","192","202","320","376","231","234","321","378","230","235"
"112","Enschede","182","233","126","146","195","252","137","151","210","270","150","164","235","302","167","183","283","366","203","216","296","381","214","223"
"113","Epe","291","348","159","272","314","377","172","282","325","390","178","289","356","428","194","309","437","525","242","377","449","542","248","383"
"114","Ermelo","304","353","188",".","321","372","201",".","342","397","212",".","367","431","227",".","428","506","266",".","441","525","273","."
"115","Etten-Leur","256","295","176","219","272","312","190","230","288","331","198","247","311","357","214","268","342","393","238","292","355","408","247","302"
"116","De Fryske Marren","227","261","128","232","239","274","135","243","258","296","145","250","283","325","163","269","323","370","188","300","341","390","199","309"
"117","Geertruidenberg","230","267","159","207","243","284","165","220","267","308","187","244","292","337","205",".","329","377","238",".","346","398","249","."
"118","Geldrop-Mierlo","259","304","162","218","279","327","174","232","298","348","186","246","327","384","207","251","378","446","241","287","387","457","247","284"
"119","Gemert-Bakel","274","316","166","219","301","347","183","252","309","354","187","259","341","390","211","278","385","444","233","306","407","469","244","329"
"120","Gennep","238","268","148","245","255","290","160","252","274","313","171","264","290","331","181","279","347","396","216","335","352","402","217","335"
"121","Gilze en Rijen","254","295","168","237","271","314","178","249","288","335","191","255","314","364","212","272","343","397","233","290","368","422","255","."
"122","Goeree-Overflakkee","232","272","149","221","247","289","156","231","260","305","163","248","290","339","182","273","347","403","219","330","363","424","223","."
"123","Goes","219","262","145","175","228","274","152","180","243","292","161","184","266","321","174","199","302","364","196","226","321","387","210","238"
"124","Goirle","276","317","158","273","295","339","169","280","319","365","187","301","359","412","208","330","409","469","239","373","424","487","249","384"
"125","Gooise Meren","398","505","196","235","431","546","214","253","460","583","231","274","503","634","254","299","558","703","284","322","579","727","298","334"
"126","Gorinchem","211","269","149","179","225","292","155","182","243","316","164","195","261","343","173","207","312","406","205","257","345","444","237","274"
"127","Gouda","206","249","143","168","221","266","157","182","244","292","175","198","276","330","200","224","323","386","234","262","335","399","242","274"
"128","Grave","226","253","145","213","239","267","154","220","256","286","169","233",NA,NA,NA,NA,NA,NA,NA,NA,NA,NA,NA,NA
"129","'s-Gravenhage (gemeente)","233","322","145","193","262","360","165","218","285","391","184","237","311","425","205","257","355","483","232","296","363","491","239","303"
"130","Groningen (gemeente)","192","257","132","161","208","279","145","173","225","304","159","187","251","338","180","209","294","393","215","243","300","405","218","243"
"131","Gulpen-Wittem","229","265","130","187","249","289","139","200","271","317","146","219","285","331","158","227","329","383","187","259","331","385","188","260"
"132","Haaksbergen","239","276","140","199","252","293","145","207","269","312","157","216","301","348","176","237","355","410","212","271","368","424","221","282"
"133","Haaren","327","372","174","253","343","390","186","260",NA,NA,NA,NA,NA,NA,NA,NA,NA,NA,NA,NA,NA,NA,NA,NA
"134","Haarlem","325","397","221","280","356","436","242","306","380","467","260","325","417","514","280","355","479","591","326","401","483","596","334","395"
"135","Haarlemmermeer","296","333","201","262","334","375","229","298","365","409","251","325","397","446","275","351","472","530","328","412","473","532","331","406"
"136","Halderberge","250","295","157","225","263","310","166","236","281","330","178","249","302","354","191","263","339","396","219","285","357","418","230","301"
"137","Hardenberg","221","248","144","200","229","258","145","205","239","269","153","202","272","309","170","223","305","347","187","248","329","373","203","266"
"138","Harderwijk","258","303","179","228","272","322","186","231","291","345","194","246","319","380","212","264","381","455","255","311","391","467","265","315"
"139","Hardinxveld-Giessendam","240","272","163","247","254","289","172","257","267","305","179","260","290","335","188","276","334","387","216","315","360","417","235","315"
"140","Harlingen","168","207","108","136","179","219","120","143","190","232","130","151","208","255","138","164","237","293","158",".","247","308","157","."
"141","Hattem","276","329","161",".","295","351","171",".","319","377","188","248","349","417","207","252","398","476","239","270","416","492","258","294"
"142","Heemskerk","259","306","177","219","283","336","192","243","307","363","210","258","339","401","229","291","402","479","268","351","402","480","267","347"
"143","Heemstede","475","589","243","282","519","644","272","306","548","680","286","332","593","732","311","356","673","835","356","382","657","813","348","380"
"144","Heerde","275","310","170","273","293","331","178","276","319","361","190","302","340","389","201","296","405","465","234","347","430","493","250","363"
"145","Heerenveen","213","258","130",".","229","279","140","180","246","301","148","192","269","327","162",".","315","384","190","255","325","395","195","259"
"146","Heerhugowaard","228","256","157","189","251","281","174","204","270","303","188","213",NA,NA,NA,NA,NA,NA,NA,NA,NA,NA,NA,NA
"147","Heerlen","138","177","93","119","150","193","101","130","159","207","107","137","170","219","119","145","203","260","142","171","201","260","140","169"
"148","Heeze-Leende","343","377","170","317","361","398","180","327","380","419","191","337","412","455","206","351","458","506","235","377","478","528","246","389"
"149","Heiloo","337","380","198","248","359","409","211","250","385","440","228","257","417","476","245","282","505","579","287","331","516","586","310","346"
"150","Den Helder","153","183","115","135","161","193","119","138","171","206","125","144","185","223","136","154","222","269","162","180","241","290","178","195"
"151","Hellendoorn","248","274","159","254","263","290","169","275","283","312","184","281","327","363","204","324","363","405","222","340","396","443","242","370"
"152","Hellevoetsluis","213","246","139","212","230","265","150","226","245","283","159","241","271","313","178","268",NA,NA,NA,NA,NA,NA,NA,NA
"153","Helmond","215","272","139","188","231","293","148","201","245","312","158","206","275","349","180","224","311","394","205","251","320","405","211","253"
"154","Hendrik-Ido-Ambacht","254","285","164","235","281","317","177","260","308","348","192","293","336","378","206","319","394","445","246","349","413","463","262","365"
"155","Hengelo (O.)","188","233","124","143","202","251","133","150","221","274","147","163","243","300","164","179","292","359","199","212","306","377","211","220"
"156","'s-Hertogenbosch","281","345","189","255","298","365","202","270","318","391","216","287","341","419","233","304","396","487","275","342","404","498","281","347"
"157","Heumen","283","322","157","236","306","348","167","250","319","363","175",".","351","399","193",".","396","449","222",".","415","470","235","."
"158","Heusden","278","317","180","252","293","336","188","267","311","356","198","279","344","395","217","300","406","466","259","346","415","477","261","357"
"159","Hillegom","260","296","180","214","292","331","204","242","319","363","219","265","346","395","231","291","402","460","270","336","415","472","280","345"
"160","Hilvarenbeek","316","351","173","252","335","373","185","254","355","395","200","275","399","446","222","295","451","506","255","315","468","525","269","320"
"161","Hilversum","315","404","201","218","335","431","213","236","358","460","229","250","397","509","259","276","451","578","296","312","471","597","313","332"
"162","Hoeksche Waard","248","279","160","243","266","301","172","254","281","317","182","267","309","347","200","288","360","405","234","330","382","429","249","354"
"163","Hof van Twente","257","295","150","220","267","306","156","227","281","323","164","235","307","352","182","253","345","395","204","286","359","412","211","295"
"164","Het Hogeland","170","195","105","160","180","209","108","163","191","222","116","164","213","247","128","187","251","291","154","215","262","304","161","220"
"165","Hollands Kroon","225","256","130","218","233","265","136","225","256","290","154","239","290","327","178","271","331","372","208","299","355","401","217","314"
"166","Hoogeveen","178","212","118","141","189","225","123","146","202","242","129","152","221","266","140","163","256","309","161","191","272","328","172","202"
"167","Hoorn","212","250","144","182","234","276","158","197","256","302","175","221","288","338","200","246","333","392","229","283","350","412","241","295"
"168","Horst aan de Maas","255","281","154","207","265","293","160","206","279","308","170","216","295","326","185","221","324","359","207","236","339","375","220","244"
"169","Houten","323","368","208","287","351","399","228","310","378","430","249","334","418","475","275","365","499","570","333","419","501","570","335","420"
"170","Huizen","306","380","186","255","330","410","202","275","355","442","217","291","392","487","244","315","448","554","279","367","460","567","290","374"
"171","Hulst","209","234","118","204","217","243","123","204","227","253","128","210","246","276","138","221","277","311","154","232","295","331","167","248"
"172","IJsselstein","264","306","175","209","289","341","188","215","315","369","210","232","346","404","204","241","401","467","277","297","424","496","288","316"
"173","Kaag en Braassem","298","347","192","260","325","378","211","272","347","402","229","290","379","438","257","300","446","513","310","356","463","530","327","370"
"174","Kampen","220","256","148","171","234","273","158","183","250","293","168","192","275","322","184","209","313","370","207","234","337","398","223","247"
"175","Kapelle","241","265","159","168","251","277","167","174","265","292","176","178","291","320","185","204","331","362","214","238","354","388","226","248"
"176","Katwijk","288","332","196","239","319","365","221","280","337","384","236","298","364","414","261","312","419","483","283","356","439","507","294","372"
"177","Kerkrade","142","177","99","105","153","190","107","115","163","204","114","118","171","211","124","123","199","246","145","142","200","247","146","142"
"178","Koggenland","260","285","158","175","275","301","165","183","298","327","210","192","332","365","201","211","377","415","228","241","398","437","245","258"
"179","Krimpen aan den IJssel","245","283","182",".","265","306","197",".","289","333","216",".","316","365","237",".","354","408","264",".","377","437","279","."
"180","Krimpenerwaard","258","300","167","213","275","319","178","230","295","342","192","244","330","382","217","268","386","447","250","316","405","467","263","334"
"181","Laarbeek","276","316","162","272","298","341","178","278","306","351","182","270","340","389","206","291","394","454","233","329","411","474","241","334"
"182","Land van Cuijk",NA,NA,NA,NA,NA,NA,NA,NA,NA,NA,NA,NA,"303","346","188","257","346","396","215","287","374","426","236","310"
"183","Landerd","306","345","161","290","331","372","176","307","337","380","178","305",NA,NA,NA,NA,NA,NA,NA,NA,NA,NA,NA,NA
"184","Landgraaf","171","198","113","155","184","213","123","168","197","229","130","173","212","247","140","184","248","288","167","212","248","289","166","211"
"185","Landsmeer","401","454","262",".","443","499","294","471","459","519","297","491","490","562","305","505","578","659","367","606","579","666","355","600"
"186","Langedijk","271","305","165","196","293","329","184","215","311","349","195","224",NA,NA,NA,NA,NA,NA,NA,NA,NA,NA,NA,NA
"187","Lansingerland","326","360","193","324","355","393","215","335","380","420","232","360","409","453","253","373","478","528","297","430","497","550","308","454"
"188","Laren (NH.)","610","725","270","419","660","783","312","489","711","847","334","526","781","928","385","552","886","1052","444","629","887","1054","433","628"
"189","Leeuwarden","156","203","95","120","167","220","103","124","183","241","116","134","204","268","129","149","233","303","156","169","249","324","168","176"
"190","Leiden","264","351","180","218","292","386","206","240","313","413","223","261","344","454","250","286","389","514","282","324","393","522","292","318"
"191","Leiderdorp","281","323","192","232","305","349","209","255","334","381","234","275","361","414","253","291","412","478","289","312","423","489","302","312"
"192","Leidschendam-Voorburg","272","338","161","212","291","361","173","228","315","392","183","250","339","422","196","272","379","466","234","299","389","478","239","305"
"193","Lelystad","190","220","125","171","211","246","141","183","228","266","152","201","259","308","166","221","326","381","223","276","342","398","235","288"
"194","Leudal","239","258","133","216","250","273","137","209","264","289","139","217","281","307","154","235","333","365","186","271","337","370","186","268"
"195","Leusden","321","358","207","288","341","382","218","299","360","403","234","309","391","437","257","327","448","501","298","368","459","513","308","377"
"196","Lingewaard","255","288","152","206","273","308","162","229","293","331","174","240","326","366","199","260","372","420","226","289","394","445","240","300"
"197","Lisse","277","325","191","187","303","357","209","212","324","381","228","216","357","416","257","236","405","471","294","261","408","474","297","259"
"198","Lochem","307","355","160","249","328","380","169","256","342","397","175","267","372","432","194","277","455","531","244","315","464","539","251","326"
"199","Loon op Zand","256","296","168","220","271","312","178","230","287","331","188","244","312","360","203","261","365","421","234","304","384","441","257","313"
"200","Lopik","294","322","181","273","313","343","195","279","347","383","213","309","383","424","232","329","443","491","269","370","452","500","273","381"
"201","Loppersum","161","192","93","155","175","209","97","170",NA,NA,NA,NA,NA,NA,NA,NA,NA,NA,NA,NA,NA,NA,NA,NA
"202","Losser","234","264","137","222","249","282","144","232","267","302","153","249","296","335","173","263","352","398","211","300","369","416","224","310"
"203","Maasdriel","283","318","164","292","299","335","174","304","318","354","194","319","349","389","212","339","405","450","252","383","421","468","263","399"
"204","Maasgouw","224","243","129","224","239","260","135","235","253","276","145","241","271","295","160","250","314","344","189","272","321","351","192","274"
"205","Maashorst",NA,NA,NA,NA,NA,NA,NA,NA,NA,NA,NA,NA,"336","395","201","290","384","455","227","327","403","476","240","340"
"206","Maassluis","208","252","156","179","224","271","168","198","245","297","182","212","266","322","195","233","304","368","221","274","324","393","233","287"
"207","Maastricht","209","283","131","197","224","308","138","211","238","331","148","218","258","353","169","232","301","414","199","265","296","411","199","253"
"208","Medemblik","243","276","149","224","269","306","165","244","289","327","182","257","325","369","203","279","376","425","239","316","387","438","245","327"
"209","Meerssen","250","285","137","198","266","303","147","214","281","322","154","217","298","340","171","229","350","398","205","266","343","391","198","261"
"210","Meierijstad","281","320","167","243","293","334","177","253","312","355","187","268","345","394","208","286","404","461","250","323","420","481","259","333"
"211","Meppel","200","244","129","159","213","262","137","167","227","280","149","176","249","308","160","190","289","358","188","215","298","368","194","221"
"212","Middelburg (Z.)","189","231","116","141","200","244","122","154","213","259","133","160","231","281","144","171","259","318","163","185","288","353","182","205"
"213","Midden-Delfland","324","366","197","252","356","401","217","289","385","433","236","310","419","470","261","339","469","525","296","384","481","538","307","385"
"214","Midden-Drenthe","220","253","128","197","231","267","135","193","244","281","143","206","265","305","156","219","299","344","173","241","328","378","189","258"
"215","Midden-Groningen","167","199","107","135","175","209","110","143","188","225","119","155","206","247","127","172","239","286","148","193","276","326","181","226"
"216","Mill en Sint Hubert","266","295","157","273","279","309","165","296","295","327","176","298",NA,NA,NA,NA,NA,NA,NA,NA,NA,NA,NA,NA
"217","Moerdijk","233","266","156","208","247","282","167","226","263","300","180","231","282","322","194","242","335","381","230","283","353","401","245","294"
"218","Molenlanden","281","323","165","303","290","334","173","300","311","357","188","309","345","397","207","323","388","447","234","347","413","477","245","355"
"219","Montferland","212","250","123","173","221","261","129","180","234","275","137","187","253","297","149","199","282","331","167","221","295","345","178","232"
"220","Montfoort","295","324","194","218","316","348","203","239","338","373","220","255","370","408","242","279","425","468","278","318","455","501","300","341"
"221","Mook en Middelaar","293","328","159","247","310","348","170","261","325","364","177","266","349","390","186","290","422","473","219","360","426","480","222","341"
"222","Neder-Betuwe","247","283","169","237","261","300","176","246","283","325","189","273","308","355","204","292","355","408","236","326","368","422","250","330"
"223","Nederweert","277","314","152","264","295","337","160","265","303","346","164","270","315","357","175","284","370","420","212","319","376","427","216","318"
"224","Nieuwegein","235","268","177","210","252","289","187","226","269","309","203","236","292","337","220","254","349","405","258","298","351","410","256","302"
"225","Nieuwkoop","302","336","191","279","324","362","207","276","344","384","218","298","378","421","243","322","446","497","289","371","477","531","308","410"
"226","Nijkerk","312","351","201","290","333","375","215","305","357","400","232","328","387","433","254","345","442","494","296","391","470","527","315","405"
"227","Nijmegen","234","299","164","229","252","323","177","239","273","351","194","258","308","394","220","289","361","458","261","338","374","475","272","345"
"228","Nissewaard","186","220","136","181","204","240","149","197","218","257","156","209","242","285","175","218","279","327","204","251","288","336","212","260"
"229","Noardeast-Fryslân","171","196","108","158","178","204","113","162","194","224","126","161","233","266","154","193","270","312","177","212","283","326","187","218"
"230","Noord-Beveland","221","234","121",".","234","247","126",".","246","259","136",".","269","286","145",".","301","319","161",".","306","326","160","."
"231","Noordenveld","235","269","140",".","254","289","153","174","271","309","163",".","302","345","181","209","349","399","220","236","365","415","229","256"
"232","Noordoostpolder","214","249","126","206","227","263","133","215","239","277","142","226","262","302","157","246","310","360","191","257","326","381","204","250"
"233","Noordwijk","333","388","212","266","361","424","224","287","388","454","251","299","431","506","279","326","488","574","321","360","494","579","326","373"
"234","Nuenen, Gerwen en Nederwetten","327","365","171","271","351","393","184","290","370","416","191","286","403","454","211","307","470","528","247","358","493","556","251","375"
"235","Nunspeet","284","328","185","234","300","347","196","244","320","373","208","245","353","412","229","271","397","460","262","308","425","496","280","312"
"236","Oegstgeest","398","454","211","311","434","494","232","345","464","529","252","365","502","571","271","391","562","640","305","435","566","649","305","409"
"237","Oirschot","326","355","194",".","344","373","202",".","373","406","214",".","416","455","233",".","465","509","263",".","501","551","278","."
"238","Oisterwijk","333","386","184","285","354","407","195","319","374","432","207","312","422","484","242","350","477","547","276","391","496","571","287","400"
"239","Oldambt","151","173","100","135","164","189","107","144","182","210","117","161","207","239","136","176","253","294","165","210","264","307","172","215"
"240","Oldebroek","268","309","167","218","286","330","178","227","303","350","186","230","325","375","200","240","362","416","232","261","369","424","237","264"
"241","Oldenzaal","226","272","138","196","240","290","147","199","251","303","153","209","280","336","174","231","332","399","210","260","352","420","225","280"
"242","Olst-Wijhe","249","289","145","196","268","312","155","210","287","333","168","216","319","371","189","232","369","427","222","267","390","451","236","282"
"243","Ommen","256","287","163","213","268","302","168","220","284","320","175","235","319","361","189","263","386","438","227","305","409","464","245","319"
"244","Oost Gelre","218","241","132","175","230","254","139","186","246","271","149","205","261","288","160","213","289","321","178","224","307","340","188","238"
"245","Oosterhout","244","288","163","232","262","310","174","247","284","336","188","266","305","360","205","281","353","415","240","316","366","430","250","324"
"246","Ooststellingwerf","207","243","118","206","222","261","127","216","240","283","139","221","263","308","153","241","302","353","180","265","310","361","185","277"
"247","Oostzaan","320","374","203","244","356","415","228","275","386","448","252","280","411","482","262","286","474","559","293","348","489","568","324","344"
"248","Opmeer","255","282","124","172","271","300","128","178","291","323",".","192","319","356",".","207","369","411",".","237","379","424","145","243"
"249","Opsterland","224","253","131",".","240","272","140",".","261","295","154",".","287","325","169",".","330","373","197",".","338","381","203","."
"250","Oss","237","279","153","195","256","303","167","207","262","310","170","209","296","350","196","232","345","410","226","268","365","434","237","283"
"251","Oude IJsselstreek","215","247","136","197","224","258","142","205","239","275","152","212","270","311","168","247","308","355","196","274","329","378","207","302"
"252","Ouder-Amstel","399","491","265","324","434","533","301","340","468","573","321","382","507","619","352","419","558","683","382","457","559","682","377","472"
"253","Oudewater","308","347","193","275","324","366","202","293","344","388","214","309","368","415","233","324","416","469","268","352","420","476","274","343"
"254","Overbetuwe","248","284","152","206","265","306","161","220","287","331","175","235","327","375","207","263","382","438","241","299","405","465","255","318"
"255","Papendrecht","218","252","146","188","237","275","158","201","258","301","169","219","277","323","181","231","330","385","215","281","345","399","230","290"
"256","Peel en Maas","251","280","149","244","266","296","159","257","284","318","170","262","298","332","183","266","354","395","218","311","357","398","221","312"
"257","Pekela","132","150","91","132","139","158","94","134","148","169","100","133","167","193","108","146","195","225","124","169","203","235","131","173"
"258","Pijnacker-Nootdorp","321","356","212","276","346","385","221","310","368","410","236","326","404","449","259","352","481","535","307","417","501","559","322","424"
"259","Purmerend","235","272","175","226","261","301","196","243","281","324","210","262","329","380","240","290","382","442","286","327","394","458","290","334"
"260","Putten","325","381","191","248","345","407","201","255","367","432","213","273","412","482","252","301","489","571","314","340","485","568","306","336"
"261","Raalte","253","291","155","210","269","309","166","222","288","330","179","236","317","363","199","256","368","423","234","288","390","444","254","308"
"262","Reimerswaal","203","231","130","186","211","239","132","199","222","250","142","214","235","266","148","202","273","309","174","224","296","334","194","241"
"263","Renkum","282","341","172","186","299","360","184","200","315","380","193","207","339","411","206","223","402","484","262","248","413","496","272","260"
"264","Renswoude","323","361",NA,"212","345","385",NA,"234","369","412",NA,"247","402","448",NA,"272","499","559",NA,"331","515","574",NA,"343"
"265","Reusel-De Mierden","291","318","171","234","307","336","181","245","325","356","193","258","376","416","207","291","416","462","226","306","439","486","256","321"
"266","Rheden","220","270","145","171","236","290","157","185","251","310","166","194","280","347","181","213","345","425","229","259","361","440","247","267"
"267","Rhenen","294","345","177","285","311","365","185","302","332","391","195","310","358","423","207","336","410","485","243","371","435","517","253","383"
"268","Ridderkerk","213","248","162","209","235","272","181","235","257","297","197","261","285","330","219","280","330","380","256","326","342","395","263","342"
"269","Rijssen-Holten","243","272","164","201","257","289","173","214","275","310","184","233","314","355","204","254","352","400","224","289","380","434","233","304"
"270","Rijswijk (ZH.)","224","287","159","173","253","323","175","200","271","348","187","213","302","387","209","236","346","447","236","269","354","458","240","277"
"271","Roerdalen","223","245","133",".","232","255","136",".","245","268","148",".","261","285","166",".","306","334","197",".","306","334","198","."
"272","Roermond","200","244","131","179","215","263","140","191","228","280","148","200","243","298","159","211","288","353","191","244","291","358","190","247"
"273","De Ronde Venen","348","402","214","314","378","436","236","331","399","461","248","347","440","508","277","372","515","595","325","427","515","593","335","424"
"274","Roosendaal","217","258","136","177","228","272","143","184","241","288","150","192","259","310","162","205","291","348","185","228","300","359","191","231"
"275","Rotterdam","191","263","140","177","221","299","165","206","245","330","187","229","275","364","213","256","319","420","252","295","334","441","262","308"
"276","Rozendaal","490","512","238","478","533","556","255","530","566","596","264","424","614","649","284","367","747","787","372","469","766","806","398","546"
"277","Rucphen","264","309","156","311","276","322","164","318","291","339","175","327","315","364","195","333","352","406","223","350","370","426","235","367"
"278","Schagen","248","279","155","229","264","298","165","239","278","313","176","251","311","349","202","270","348","392","227","296","359","402","238","299"
"279","Scherpenzeel","276","302","196","219","298","326","211","243","313","344","216","261","347","383","233","283","387","428","260","304","417","461","276","325"
"280","Schiedam","170","216","121","130","195","247","139","153","221","277","162","175","250","309","183","205","288","356","208","239","299","370","217","249"
"281","Schiermonnikoog","247","281","150","272","256","294","154","274","282","329","165","293","333","389","222","309","382","449","258","364","403","474","283","375"
"282","Schouwen-Duiveland","251","290","146","270","261","302","152","271","279","321","163","272","304","348","173","319","343","394","195","351","383","442","207","391"
"283","Simpelveld","176","211","95",".","194","234","104",".","204","247","103","130","212","256","119",".","250","303","138",".","253","304","141","."
"284","Sint Anthonis","292","327","154","231","315","345","167",".","311","348","170","236",NA,NA,NA,NA,NA,NA,NA,NA,NA,NA,NA,NA
"285","Sint-Michielsgestel","322","357","177","290","342","379","187","301","359","402","194","310","392","441","210","309","460","515","261","354","464","520","263","362"
"286","Sittard-Geleen","178","217","110","144","192","235","121","154","204","250","127","159","218","265","138","168","252","307","163","191","252","307","164","189"
"287","Sliedrecht","201","246","131","205","221","266","147","219","240","290","161",".","256","308","173",".","302","363","203","276","314","377","211","292"
"288","Sluis","213","235","117","218","224","247","123","221","242","265","132","240","269","295","149","268","303","333","169","294","324","356","181","314"
"289","Smallingerland","181","219","117","146","195","236","126","159","211","256","137","166","234","285","149","180","275","337","178","199","287","350","187","208"
"290","Soest","313","384","164","212","333","408","178","238","355","434","191","239","386","469","208","267","427","517","235","297","455","552","250","314"
"291","Someren","292","328","165","293","312","353","171","309","322","364","176","308","353","401","194","329","391","445","216","356","409","465","224","368"
"292","Son en Breugel","327","363","189","272","350","388","203","289","373","415","218","303","402","446","239","325","459","508","275","372","490","544","289","399"
"293","Stadskanaal","165","195","109",".","175","208","113",".","187","222","120",".","207","246","133","184","242","288","158","206","264","313","173","224"
"294","Staphorst","271","295","161","212","277","301","162","220","292","318","169","230","317","346","187","241","350","381","207","267","359","392","205","270"
"295","Stede Broec","221","244","160","197","244","270","175","215","264","292","193","235","294","325","213","256","354","393","261","274","363","404","262","276"
"296","Steenbergen","223","251","144","209","238","267","155","219","254","283","164","241","286","320","184","260","328","367","210","292","348","390","218","306"
"297","Steenwijkerland","221","262","124","199","230","272","133","209","245","290","139","218","270","319","155","234","309","365","178","255","323","381","185","259"
"298","Stein (L.)","205","229","133",".","222","246","146",".","234","261","149",".","244","272","157",".","288","320","188",".","291","325","185","."
"299","Stichtse Vecht","324","374","195",".","343","399","208","290","364","423","220",".","392","453","235",".","454","524","286",".","461","534","284","."
"300","Súdwest-Fryslân","207","243","119","189","217","255","126","199","229","269","135","203","251","295","146","218","288","338","172","243","300","353","176","253"
"301","Terneuzen","172","200","100","122","181","212","102","127","192","225","109","140","208","244","117","154","235","275","135","171","243","283","141","179"
"302","Terschelling","313","350","209","290","322","361","220","288","342","376","251","317","390","431","268","370","427","471","298","406","437","491","297","389"
"303","Texel","272","313","179","199","287","332","186","209","305","352","201","235","328","378","215","256","371","422","238","321","393","451","259","318"
"304","Teylingen","319","369","207","256","347","399","226","284","370","428","244","291","404","467","268","307","458","530","303","345","462","535","307","350"
"305","Tholen","197","221","128","185","203","229","131","187","213","240","138","171","229","257","145","199","260","291","167","220","287","322","180","246"
"306","Tiel","209","254","142","185","224","273","151","192","238","290","164","193","264","318","186","211","315","381","223","254","347","416","249","281"
"307","Tilburg","210","264","144","173","228","285","157","190","247","310","172","205","269","339","187","221","313","394","218","258","327","412","226","269"
"308","Tubbergen","290","321","148","259","304","337","156","266","320","356","164","269","360","401","190","296","400","447","217","319","425","476","224","335"
"309","Twenterand","222","257","137","220","234","272","146","214","251","291","157","237","277","323","169","256","326","379","200","292","339","392","209","304"
"310","Tynaarlo","269","300","142","210","285","319","150","224","306","343","160","227","341","381","181","250","392","439","210","276","409","459","218","286"
"311","Tytsjerksteradiel","203","231","117","158","214","243","126","162","226","257","133","173","248","283","147","180","280","320","169","198","294","335","181","208"
"312","Uden","259","308","160","233","282","336","176","251","288","342","181","259",NA,NA,NA,NA,NA,NA,NA,NA,NA,NA,NA,NA
"313","Uitgeest","287","324","185","212","311","350","202","228","333","374","221","242","363","407","244","258","445","500","301","294","441","496","293","302"
"314","Uithoorn","282","332","196","258","311","362","220","283","334","386","241","307","365","420","269","330","427","490","317","384","433","497","321","391"
"315","Urk","222","236","154",".","239","255","165",".","259","277","176","231","293","314","197",".","327","352","219","260","343","370","227","273"
"316","Utrecht (gemeente)","299","374","203","280","331","412","233","304","357","444","257","327","392","487","287","347","458","574","340","397","450","563","334","393"
"317","Utrechtse Heuvelrug","357","425","190",".","375","446","200",".","396","472","214",".","427","507","233",".","493","585","284",".","507","602","293","."
"318","Vaals","157","224","107","98","168","240","114","107","174","252","114","110","188","273","126","114","220","319","147","133","220","321","142","134"
"319","Valkenburg aan de Geul","221","264","132","163","235","282","140","172","256","313","140","186","273","331","163","193","317","385","190","220","319","387","192","222"
"320","Valkenswaard","268","316","185","219","283","335","197","229","301","356","209","243","326","390","220","259","360","432","244","276","380","456","257","287"
"321","Veendam","146","171","92","111","154","181","96","117","164","193","100","126","180","212","111","135","212","251","132","151","226","268","136","163"
"322","Veenendaal","235","286","158","170","256","311","173","186","275","335","186","200","303","365","203","232","374","451","249","298","388","468","257","312"
"323","Veere","282","299","142","287","296","313","147","304","313","333","159","319","340","360","173","344","388","411","200","381","436","465","226","404"
"324","Veldhoven","298","343","180","275","320","369","192","287","346","400","207","309","375","435","223","328","441","513","266","376","459","531","279","392"
"325","Velsen","266","331","165","232","289","360","178","252","304","386","182","267","343","431","215","291","389","490","244","328","395","492","254","331"
"326","Venlo","200","240","130","168","215","260","139","178","226","274","145","183","241","290","159","195","285","344","190","222","288","348","191","225"
"327","Venray","228","267","149","187","240","282","157","191","254","297","166","208","276","322","180","227","315","365","214","249","328","380","224","258"
"328","Vijfheerenlanden","252","296","169","211","265","313","177","226","283","334","189","235","331","388","222","277","379","447","254","312","390","458","263","315"
"329","Vlaardingen","183","233","136","142","202","255","151","158","220","278","166","172","245","307","186",".","278","349","214","211","290","367","223","212"
"330","Vlieland","260","332","182","247","284","358","197","283","306","392","226","280","327","418","244","300","384","493","314","326","399","505","328","347"
"331","Vlissingen","158","197","105","115","166","208","109","122","181","226","118","131","199","247","132","144","230","286","153","164","247","305","165","176"
"332","Voerendaal","236","266","147",".","253","286","159",".","264","299","160",".","281","319","170",".","327","371","201",".","326","370","203","."
"333","Voorne aan Zee",NA,NA,NA,NA,NA,NA,NA,NA,NA,NA,NA,NA,NA,NA,NA,NA,"368","424","225","310","389","447","239","331"
"334","Voorschoten","336","404","197","246","363","436","220","267","385","461","235","286","424","505","258","310","486","579","296","359","501","596","306","371"
"335","Voorst","298","349","180",".","319","373","191",".","336","391","202",".","360","419","218",".","430","503","257",".","452","527","268","350"
"336","Vught","362","449","201","255","388","481","217","270","406","496","229","273","437","532","246","298","495","603","280","343","523","636","300","359"
"337","Waadhoeke","170","197","105","141","180","209","110","149","188","219","117","147","207","239","128","164","242","281","150","189","257","296","160","199"
"338","Waalre","333","378","176","220","355","403","187","239","386","442","207","246","420","481","231","261","491","556","266","347","510","583","277","332"
"339","Waalwijk","237","280","160","212","253","299","169","224","272","321","182","239","295","349","199","253","341","405","226","295","351","414","237","302"
"340","Waddinxveen","239","280","154","221","265","310","173","233","282","330","188","239","319","372","213","261","373","430","246","316","389","452","251","315"
"341","Wageningen","227","328","153","143","243","353","162","152","257","382","168","163","291","433","190","184","346","509","227","220","354","519","231","226"
"342","Wassenaar","566","722","226","526","601","762","248","558","624","789","263","625","663","835","288","646","730","918","325","697","729","916","330","698"
"343","Waterland","339","387","207","354","364","416","223","377","382","436","234","387","413","471","250","416","457","521","276","464","467","530","287","476"
"344","Weert","240","276","149","213","256","296","151","226","265","308","157","228","275","317","173","232","329","380","212","265","335","387","215","266"
"345","Weesp","289","353","198","240","348","422","244","290","373","453","258","309","400","486","272","326",NA,NA,NA,NA,NA,NA,NA,NA
"346","West Betuwe","284","318","170","285","301","337","179","299","321","360","191",".","354","396","215",".","412","461","254",".","435","487","267","."
"347","West Maas en Waal","256","287","158",".","277","314","168","223","297","337","182","235","327","370","202","253","387","438","248","284","401","452","260","295"
"348","Westerkwartier","214","245","118","173","225","258","124","178","238","272","130","185","261","300","146","192","304","348","174","219","301","345","172","218"
"349","Westerveld","272","303","139","278","287","321","147","287","303","339","159","286","327","365","170","304","374","419","191","333","390","437","204","338"
"350","Westervoort","202","234","154","166","219","255","165","182","237","275","177","192","262","306","192","212","309","363","222","250","318","373","229","253"
"351","Westerwolde","180","208","94","185","186","215","97","186","204","239","106","182","234","274","126","203","268","313","146","229","284","333","152","240"
"352","Westland","292","332","189","275","318","359","208","287","341","386","225","291","374","424","247","310","424","481","284","343","446","506","298","356"
"353","Weststellingwerf","203","242","121","164","216","257","130","176","237","282","144","189","258","308","154","201","299","355","181","225","309","367","187","227"
"354","Westvoorne","334","380","194","208","363","415","210","222","393","448","231","238","431","493","221","262",NA,NA,NA,NA,NA,NA,NA,NA
"355","Wierden","263","293","147","247","278","310","154","253","297","333","162","264","338","378","186","299","379","424","213","331","417","466","234","367"
"356","Wijchen","248","283","155","236","263","301","164","242","282","323","174","259","317","362","199","288","355","406","225","316","371","425","233","335"
"357","Wijdemeren","376","430","210","331","404","463","227","341","432","495","239","367","484","551","266","446","537","612","298","479","563","641","317","492"
"358","Wijk bij Duurstede","277","310","180","269","297","332","193","281","322","360","213","296","357","397","243","324","418","466","280","365","436","489","284","385"
"359","Winterswijk","200","226","108","183","214","242","116","191","227","259","124","197","253","289","137","210","288","327","166","226","300","342","178","227"
"360","Woensdrecht","248","275","154",".","261","290","162",".","278","309","171",".","292","325","181",".","331","367","211",".","344","381","215","."
"361","Woerden","287","333","181","215","309","360","196","232","328","383","205","243","354","414","223","254","405","476","254","292","412","486","257","291"
"362","De Wolden","266","302","134","231","279","317","140","235","294","334","147","241","325","371","160","253","377","431","187","284","396","452","200","298"
"363","Wormerland","264","312","166","241","297","350","188","263","324","379","210","273","350","411","225","298","414","490","264","355","421","496","276","358"
"364","Woudenberg","316","344","216","323","335","367","231","320","366","401","250","343","398","441","272","326","473","525","320","403","491","546","325","437"
"365","Zaanstad","229","272","170","207","256","304","190","233","281","333","210","254","311","368","235","281","367","431","282","328","388","459","293","350"
"366","Zaltbommel","256","294","157","234","271","311","166","246","291","333","180","263","322","370","197","284","363","417","225","318","378","435","234","327"
"367","Zandvoort","309","394","193",".","352","448","221","283","387","488","245",".","418","529","266","341","466","587","296","368","460","579","291","365"
"368","Zeewolde","278","310","168","325","289","323","175","325","305","341","185","327","331","371","203","345","393","441","246","385","413","468","262","349"
"369","Zeist","346","471","183",".","376","507","206",".","399","536","222",".","440","586","256",".","512","684","301",".","524","700","303","."
"370","Zevenaar","204","241","128","188","219","259","136","202","236","279","145","218","265","313","163","243","303","356","187","276","320","376","200","286"
"371","Zoetermeer","220","266","157","187","242","292","172","206","257","310","185","217","290","350","209","242","356","423","265","301","363","429","272","309"
"372","Zoeterwoude","321","351","208","297","349","382","227","315","368","405","248","309","403","447","269","325","453","502","307","356","467","524","324","362"
"373","Zuidplas","274","318","164","267","295","342","177","282","316","365","194",".","347","403","209",".","413","480","243",".","435","502","264","."
"374","Zundert","289","316","173","247","305","333","186","259","319","348","197","273","358","388","227","312","408","443","261","352","434","472","276","368"
"375","Zutphen","202","246","133","184","216","266","142","183","231","285","152","194","254","313","167","205","311","382","208","251","321","396","213","254"
"376","Zwartewaterland","216","245","127","174","225","255","135","178","237","270","141","184","262","299","157","195","298","338","180","223","315","357","190","235"
"377","Zwijndrecht","198","240","136","181","216","266","144","196","237","292","156","219","256","316","168","233","301","371","199","269","314","385","210","280"
"378","Zwolle","235","295","156","188","252","318","168","202","272","342","181","219","298","374","199","241","344","429","234","276","355","443","241","286"
"379","Bron: CBS",NA,NA,NA,NA,NA,NA,NA,NA,NA,NA,NA,NA,NA,NA,NA,NA,NA,NA,NA,NA,NA,NA,NA,NA
