Identifier;DimensionGroupId;DimensionId;Index;Title;Description
T001081;1;BedrijfstakkenBranchesSBI2008;1;A-U Alle economische activiteiten;"Alle economische activiteiten 
Deze categorie is een samentelling van categorieën: 
A Landbouw, bosbouw en visserij 
B Winning van delfstoffen 
C Industrie 
D Productie en distributie van en handel in elektriciteit, aardgas, stoom en gekoelde lucht 
E Winning en distributie van water; afval- en afvalwaterbeheer en sanering 
F Bouwnijverheid 
G Groot- en detailhandel; reparatie van auto's 
H Vervoer en opslag 
I Logies-, maaltijd- en drankverstrekking 
J Informatie en communicatie 
K Financiële instellingen 
L Verhuur van en handel in onroerend goed 
M Advisering, onderzoek en overige specialistische zakelijke dienstverlening 
N Verhuur van roerende goederen en overige zakelijke dienstverlening 
O Openbaar bestuur, overheidsdiensten en verplichte sociale verzekeringen 
P Onderwijs 
Q Gezondheids- en welzijnszorg 
R Cultuur, sport en recreatie 
S Overige dienstverlening 
T Huishoudens als werkgever; niet-gedifferentieerde productie van goederen en diensten door huishoudens voor eigen gebruik 
U Extraterritoriale organisaties en lichamen"
301000;3;BedrijfstakkenBranchesSBI2008;2;A Landbouw, bosbouw en visserij;"Landbouw, bosbouw en visserij 
Deze sectie omvat: 
- de exploitatie van natuurlijke plantaardige en dierlijke hulpbronnen: 
 w.o. de akkerbouw, veeteelt en de productie van overige planten en dieren op een agrarisch bedrijf of in het natuurlijke leefgebied; 
 w.o. bosbouw, houtteelt en jacht; 
 w.o. specifieke loondiensten met betrekking tot het productieproces landbouw, jacht en bosbouw worden eveneens in deze sectie ingedeeld; 
 w.o. visserij: de vangst of het kweken van vis, schaaldieren en weekdieren."
301100;6;BedrijfstakkenBranchesSBI2008;3;01 Landbouw;Landbouw, jacht en dienstverlening voor de landbouw en jacht
304300;6;BedrijfstakkenBranchesSBI2008;4;02 Bosbouw;Bosbouw, exploitatie van bossen en dienstverlening voor de bosbouw
305000;6;BedrijfstakkenBranchesSBI2008;5;03 Visserij;Visserij en kweken van vis en schaaldieren
305700;3;BedrijfstakkenBranchesSBI2008;6;B Delfstoffenwinning;"Winning van delfstoffen 
Deze sectie omvat: 
- de winning van in de natuur voorkomende mineralen in vaste vorm (steenkool, turf en erts), in vloeibare vorm (aardolie) of in de vorm van een gas (aardgas). Winning vindt plaats door middel van ondergrondse mijnbouw, dagbouw of boringen. 
Deze sectie omvat voorts bijkomende bewerkingen die voor het vervoer en de afzet van de minerale producten noodzakelijk zijn, bijvoorbeeld het vergruizen, malen, wassen, drogen, sorteren of concentreren van ertsen, het vloeibaar maken van aardgas en het briketteren van vaste brandstoffen. 
Deze werkzaamheden worden vaak door de eenheden die de delfstoffen winnen zelf uitgeoefend en/of door andere eenheden in de buurt van de winplaats. 
Deze sectie omvat ook: 
- de vervaardiging van steenkool- en bruinkoolbriketten, het sinteren van ertsen; 
- het vergruizen, malen of op andere wijze behandelen van bepaalde soorten aarde, steen en mineralen. 
Deze sectie omvat niet: 
- de verwerking van delfstoffen (sectie C); 
- de productie aan de bron van natuurlijk bron- of mineraalwater (1107); 
- de winning, zuivering en distributie van water (3600)."
300002;4;BedrijfstakkenBranchesSBI2008;7;B-E Nijverheid (geen bouw) en energie;"Nijverheid (geen bouw) en energie 
Deze categorie is een samentelling van categorieën: 
B Winning van delfstoffen 
C Industrie 
D Productie en distributie van en handel in elektriciteit, aardgas, stoom en gekoelde lucht 
E Winning en distributie van water; afval- en afvalwaterbeheer en sanering"
305800;7;BedrijfstakkenBranchesSBI2008;8;06 Winning van aardolie en aardgas;Winning van aardolie en aardgas
306300;7;BedrijfstakkenBranchesSBI2008;9;08 Delfstoffenwinning (geen olie en gas);"Winning van delfstoffen (geen olie en gas) 
Deze afdeling omvat: 
- winning van industriezand, zand voor de bouw en grind; 
- winning van zand en grind via opspuiten; 
- breken, malen en mengen van steen, grind en zand; 
- winning van klei (incl. vuurvaste). 
- winning van turf; 
- winning van zout; 
- winning van overige delfstoffen. 
Deze afdeling omvat niet: 
- breken, malen, zeven e.d. mechanische bewerkingen van bouwpuin (38.32); 
- het opspuiten van zand en grind ter versterking van stranden en waterkanten (42.91)."
307000;7;BedrijfstakkenBranchesSBI2008;10;09 Dienstverlening delfstoffenwinning;"Dienstverlening voor de winning van delfstoffen 
Deze afdeling omvat: 
- specifieke diensten zoals het opbouwen, repareren, ontmantelen van boortorens en cementeren, afdichten e.d. van olie- en gasputten; 
- proefboren voor de winning van delfstoffen; 
- exploratie via bodemmonsters en geologisch onderzoek; 
- testboren voor de winning van delfstoffen."
307500;3;BedrijfstakkenBranchesSBI2008;11;C Industrie;"Industrie 
Deze sectie omvat: 
- de mechanische, fysische of chemische verwerking van materialen, stoffen of onderdelen tot nieuwe producten. De verwerkte materialen, stoffen of onderdelen zijn grondstoffen uit de landbouw, bosbouw, visserij en mijnbouw, alsmede (half)fabricaten uit de industrie. 
- reparatie en installatie van machines, apparatuur en andere benodigdheden voor bedrijven (geen consumentengoederen). 
Bij de eenheden in deze sectie gaat het vaak om fabrieken waar gewoonlijk machines en apparaten worden gebruikt. Eenheden waar materialen of stoffen met de hand of in de eigen woning tot nieuwe producten worden verwerkt en die producten op de plaats waar deze zijn gemaakt, zelf verkopen, zoals bakkerijen en kleermakerijen, vallen echter ook onder deze sectie. 
Industriële eenheden kunnen materialen zelf verwerken of dit aan andere eenheden uitbesteden. In beide gevallen valt dit onder de sectie Industrie. 
Reparatie van huishoudelijke apparaten en consumptiegoederen wordt ingedeeld in afdeling 95; 
de reparatie van (bedrijfs-)auto's en motoren in afdeling 45: de autobranche. 
De vervaardiging van specifieke componenten en onderdelen, toebehoren en hulpstukken voor machines en apparaten wordt gewoonlijk ingedeeld in dezelfde klasse als de vervaardiging van de desbetreffende machines en apparaten. 
De vervaardiging van niet-specifieke componenten en onderdelen voor machines en apparatuur, zoals motoren, zuigers, elektromotoren, 
elektra-installatiemateriaal, kleppen, kogellagers, rollagers, worden in de passende klasse van de sectie industrie ingedeeld. 
De sectie omvat niet: 
- activiteiten die niet leiden tot een nieuw product, maar tot een gewijzigde versie van hetzelfde product: 
* het opsplitsen van partijen stukgoederen in kleinere partijen, inclusief het verpakken, herverpakken; 
* het bottelen van producten als alcoholhoudende dranken of chemicaliën; 
* de montage van computers volgens de specifieke wensen van een klant; 
* het mengen van verf; 
Deze activiteiten worden ingedeeld in sectie G (groothandel en detailhandel)."
307610;27;BedrijfstakkenBranchesSBI2008;12;10-12 Voedings-, genotmiddelenindustrie;"Vervaardiging van voedingsmiddelen, dranken en tabaksproducten 
Deze categorie is een samentelling van categorieën: 
10 Vervaardiging van voedingsmiddelen 
11 Vervaardiging van dranken 
12 Vervaardiging van tabaksproducten"
307600;8;BedrijfstakkenBranchesSBI2008;13;10 Voedingsmiddelenindustrie;Vervaardiging van voedingsmiddelen
311300;8;BedrijfstakkenBranchesSBI2008;14;11 Drankenindustrie;Vervaardiging van dranken
312200;8;BedrijfstakkenBranchesSBI2008;15;12 Tabaksindustrie;"Vervaardiging van tabaksproducten 
Deze afdeling omvat: 
- vervaardiging van sigaretten, shag, sigaren, pijptabak, pruimtabak, snuif; 
- vervaardiging van ""gehomogeniseerde"" en ""gereconstitueerde"" tabak."
312500;8;BedrijfstakkenBranchesSBI2008;16;13 Textielindustrie;Vervaardiging van textiel
312505;27;BedrijfstakkenBranchesSBI2008;17;13-15 Textiel-, kleding-, lederindustrie;"Vervaardiging van textiel, kleding en lederwaren 
Deze categorie is een samentelling van categorieën: 
13 Vervaardiging van textiel 
14 Vervaardiging van kleding 
15 Vervaardiging van leer, lederwaren en schoenen"
314000;8;BedrijfstakkenBranchesSBI2008;18;14 Kledingindustrie;Vervaardiging van kleding
315200;8;BedrijfstakkenBranchesSBI2008;19;15 Leer- en schoenenindustrie;Vervaardiging van leer, lederwaren en schoenen
315805;27;BedrijfstakkenBranchesSBI2008;20;16+23 Hout- en bouwmaterialenindustrie;"Houtbewerking en vervaardiging van artikelen van hout; vervaardiging van overige niet-metaalhoudende minerale producten 
Deze categorie is een samentelling van categorieën: 
16 Primaire houtbewerking en vervaardiging van artikelen van hout, kurk, riet en vlechtwerk (geen meubels) 
23 Vervaardiging van overige niet- metaalhoudende minerale producten"
315800;8;BedrijfstakkenBranchesSBI2008;21;16 Houtindustrie;Primaire houtbewerking en vervaardiging van artikelen van hout, kurk, riet en vlechtwerk (geen meubels)
317105;27;BedrijfstakkenBranchesSBI2008;22;17-18 Papier- en grafische industrie;"Vervaardiging van papier, karton en papier- en kartonwaren; drukkerijen en reproductie van opgenomen media 
Deze categorie is een samentelling van categorieën: 
17 Vervaardiging van papier, karton en papier- en kartonwaren 
18 Drukkerijen, reproductie van opgenomen media"
317100;8;BedrijfstakkenBranchesSBI2008;23;17 Papierindustrie;Vervaardiging van papier, karton en papier- en kartonwaren
318600;8;BedrijfstakkenBranchesSBI2008;24;18 Grafische industrie;Drukkerijen, reproductie van opgenomen media
320005;27;BedrijfstakkenBranchesSBI2008;25;19-22 Raffinaderijen en chemie;"Raffinaderijen, chemie, vervaardiging van farmaceutische producten en rubber- en kunststofproducten 
Deze categorie is een samentelling van categorieën: 
19 Vervaardiging van cokesovenproducten en aardolieverwerking 
20 Vervaardiging van chemische producten 
21 Vervaardiging van farmaceutische grondstoffen en producten 
22 Rubber- en kunststofproductindustrie"
320000;8;BedrijfstakkenBranchesSBI2008;26;19 Aardolie-industrie;Vervaardiging van cokesovenproducten en aardolieverwerking
320705;27;BedrijfstakkenBranchesSBI2008;27;20-21 Chemie en farmaceutische industrie;"Vervaardiging van chemische en farmaceutische grondstoffen en producten 
Deze categorie is een samentelling van categorieën: 
20 Vervaardiging van chemische producten 
21 Vervaardiging van farmaceutische grondstoffen en producten"
320700;8;BedrijfstakkenBranchesSBI2008;28;20 Chemische industrie;Vervaardiging van chemische producten
323200;8;BedrijfstakkenBranchesSBI2008;29;21 Farmaceutische industrie;Vervaardiging van farmaceutische grondstoffen en producten
323700;8;BedrijfstakkenBranchesSBI2008;30;22 Rubber- en kunststofproductindustrie;Vervaardiging van producten van rubber en kunststof
324600;8;BedrijfstakkenBranchesSBI2008;31;23 Bouwmaterialenindustrie;"Vervaardiging van overige niet-metaalhoudende minerale producten 
Deze afdeling omvat: vervaardiging van glas, keramische producten, cement, kalk en gips, producten van beton, gips en cement, en natuursteenbewerking"
328100;8;BedrijfstakkenBranchesSBI2008;32;24 Basismetaalindustrie;Vervaardiging van metalen in primaire vorm
328105;27;BedrijfstakkenBranchesSBI2008;33;24-25 Basismetaal, metaalprod.-industrie;"Vervaardiging van metalen in primaire vorm en van metaalproducten (geen machines en apparaten) 
Deze categorie is een samentelling van categorieën: 
24 Vervaardiging van metalen in primaire vorm 
25 Vervaardiging van producten van metaal (geen machines en apparaten)"
328110;27;BedrijfstakkenBranchesSBI2008;34;24-30, 33 Metalektro;"Metalektro 
Deze categorie is een samentelling van categorieën: 
24 Vervaardiging van metalen in primaire vorm 
25 Vervaardiging van producten van metaal (geen machines en apparaten) 
26 Vervaardiging van computers en van elektronische en optische apparatuur 
27 Vervaardiging van elektrische apparatuur 
28 Vervaardiging van overige machines en apparaten 
29 Vervaardiging van auto's, aanhangwagens en opleggers 
30 Vervaardiging van overige transportmiddelen 
33 Reparatie en installatie van machines en apparaten"
330300;8;BedrijfstakkenBranchesSBI2008;35;25 Metaalproductenindustrie;Vervaardiging van producten van metaal (geen machines en apparaten)
332900;8;BedrijfstakkenBranchesSBI2008;36;26 Elektrotechnische industrie;Vervaardiging van computers en van elektronische en optische apparatuur.
332905;27;BedrijfstakkenBranchesSBI2008;37;26-28 Elektrotechn. en machine-industrie;"Elektrotechnische en machine-industrie 
Deze categorie is een samentelling van categorieën: 
26 Vervaardiging van computers en van elektronische en optische apparatuur 
27 Vervaardiging van elektrische apparatuur 
28 Vervaardiging van overige machines en apparaten"
332910;27;BedrijfstakkenBranchesSBI2008;38;26-27 Elektrische en elektron. Industrie;"Vervaardiging van computers en elektronische, optische en elektrische apparatuur 
Deze categorie is een samentelling van categorieën: 
26 Vervaardiging van computers en van elektronische en optische apparatuur 
27 Vervaardiging van elektrische apparatuur"
334800;8;BedrijfstakkenBranchesSBI2008;39;27 Elektrische apparatenindustrie;Vervaardiging van elektrische apparatuur
336500;8;BedrijfstakkenBranchesSBI2008;40;28 Machine-industrie;Vervaardiging van overige machines en apparaten
339200;8;BedrijfstakkenBranchesSBI2008;41;29 Auto- en aanhangwagenindustrie;Vervaardiging van auto's, aanhangwagens en opleggers
339205;27;BedrijfstakkenBranchesSBI2008;42;29-30 Transportmiddelenindustrie;"Vervaardiging van transportmiddelen 
Deze categorie is een samentelling van categorieën: 
29 Vervaardiging van auto's, aanhangwagens en opleggers 
30 Vervaardiging van overige transportmiddelen"
340200;8;BedrijfstakkenBranchesSBI2008;43;30 Overige transportmiddelenindustrie;Vervaardiging van overige transportmiddelen
341600;8;BedrijfstakkenBranchesSBI2008;44;31 Meubelindustrie;"Vervaardiging van meubels 
Deze afdeling omvat: 
- vervaardiging van slaapkamer-, woonkamer-, tuinmeubels enz.; 
- vervaardiging van doe-het-zelf meubelpakketten; 
- vervaardiging van kleinmeubels, zoals van dekenkisten, kapstokken enz.; 
- afwerken van stoelen en andere meubels, zoals spuiten, lakken, schilderen, stofferen, logen van nieuwe meubels; 
- interieurbouw; 
- vervaardiging van keuken- en badkamermeubels; 
- vervaardiging van bedrijfsmeubels voor werkruimten, restaurants, scholen, kerken, kantoren en kantines, theaters, bioscopen e.d.; 
- vervaardiging van matrassen. 
Deze klasse omvat niet: 
- vervaardiging van meubelveren (25.99); 
- vervaardiging van verlichtingsarmaturen (27.40)."
342400;8;BedrijfstakkenBranchesSBI2008;45;32 Overige industrie;Vervaardiging van overige goederen
344400;8;BedrijfstakkenBranchesSBI2008;46;33 Reparatie en installatie van machines;Reparatie en installatie van machines en apparaten
346600;3;BedrijfstakkenBranchesSBI2008;47;D Energievoorziening;"Productie en distributie van en handel in elektriciteit, aardgas, stoom en gekoelde lucht 
Deze sectie omvat: 
- productie en distributie van en handel in elektriciteit, aardgas en warm water."
346700;9;BedrijfstakkenBranchesSBI2008;48;35 Energiebedrijven;Productie en distributie van en handel in elektriciteit, aardgas, stoom en gekoelde lucht
348000;3;BedrijfstakkenBranchesSBI2008;49;E Waterbedrijven en afvalbeheer;"Winning en distributie van water; afval- en afvalwaterbeheer en sanering 
Deze sectie omvat: 
- winning en distributie van water; 
- afvalbehandeling en recycling."
348100;10;BedrijfstakkenBranchesSBI2008;50;36 Waterleidingbedrijven;"Winning en distributie van water 
Deze afdeling omvat: 
- winning van water; 
- transport en distributie van water; 
- watervoorziening aan schepen via boten; 
- ontzouten van zeewater voor de productie van water."
348400;10;BedrijfstakkenBranchesSBI2008;51;37 Afvalwaterinzameling en -behandeling;"Afvalwaterinzameling en -behandeling 
Deze afdeling omvat: 
- reinigen van riolen in combinatie met rioolbeheer; 
- legen en reinigen van straat- en -trottoirkolken in combinatie met rioolbeheer; 
- legen en reinigen van septictanks en beerputten; 
- transporteren van afvalwater naar een zuiveringsinstallatie of punt van lozing; 
- zuiveren van afvalwater ook afkomstig van zwembaden en industrie door fysische, chemische en biologische processen. 
Deze klasse omvat niet: 
- aanleg en renovatie van rioleringen (42.21); 
- ontstoppen van riolen (43.22.1); 
- verwijderen van zwerf- en drijfafval uit grachten, sloten e.d. (38.11); 
- behandelen van verontreinigd grond- of oppervlaktewater in combinatie met saneren van milieuverontreiniging (39.00)."
348700;10;BedrijfstakkenBranchesSBI2008;52;38 Afvalbehandeling en recycling;"Afvalinzameling en -behandeling; voorbereiding tot recycling"
349700;10;BedrijfstakkenBranchesSBI2008;53;39 Sanering en overig afvalbeheer;"Sanering en overig afvalbeheer 
Deze afdeling omvat: 
- saneren van verontreinigde bodems of (onder)waterbodems; 
- saneren van verontreinigd grond- of oppervlaktewater; 
- verwijderen van asbest in woningen en gebouwen; 
- saneren van (ondergrondse) opslagtanks. 
Deze klasse omvat ook: 
- het opruimen en onschadelijk maken van explosieven. 
Deze klasse omvat niet: 
- zuiveren van afvalwater (37.00)."
350000;3;BedrijfstakkenBranchesSBI2008;54;F Bouwnijverheid;"Bouwnijverheid 
Deze sectie omvat: 
- algemene en gespecialiseerde bouwkundige en civieltechnische werken, de bouwinstallatie en de afwerking van gebouwen. 
Zij omvat ook nieuwbouw, reparatie, aan- en verbouwwerkzaamheden, het optrekken van geprefabriceerde gebouwen of constructies ter plaatse en van tijdelijke bouwwerken. 
Onder algemene bouw valt de bouw van woningen, kantoren, winkels en andere vormen van burgerlijke- en utiliteitsbouw enzovoort of de bouw of aanleg van zware constructies als autowegen, straten, bruggen, tunnels, spoorwegen, vliegvelden, havens en andere waterbouwkundige projecten, irrigatiesystemen, rioleringen, industriële installaties, pijpleidingen en elektriciteitsleidingen, sportvoorzieningen enzovoort. Deze werkzaamheden kunnen voor eigen rekening of voor een vast bedrag of op contractbasis worden uitgevoerd. Een deel van de werkzaamheden of soms zelfs alle uitvoerende werkzaamheden kunnen worden uitbesteed aan onderaannemers. 
Gespecialiseerde bouw omvat de bouw of aanleg van een gedeelte van bouwwerken en van civieltechnische werken of de hiervoor vereiste voorbereidende werkzaamheden. Er is gewoonlijk sprake van gespecialiseerde werkzaamheden ten behoeve van diverse bouwwerken, waarvoor specifieke ervaring of een speciale uitrusting nodig is. Het heien, leggen van funderingen, boren van waterputten, de cascobouw, het storten van beton, metselen, zetten van natuursteen, de bouw van steigers, dakbedekking enzovoort worden hiertoe gerekend. Gespecialiseerde bouwkundige werkzaamheden worden meestal aan onderaannemers uitbesteed, maar vooral reparaties worden in de bouw rechtstreeks voor de eigenaar van het onroerend goed uitgevoerd. 
De bouwinstallatie omvat de installatie van alle voorzieningen waardoor een bouwwerk als zodanig zijn functie kan vervullen. Deze werkzaamheden worden meestal op de bouwplaats zelf verricht, hoewel bepaalde gedeelten ervan in een werkplaats kunnen worden uitgevoerd. Inbegrepen zijn loodgieterswerk, de installatie van verwarmings- en klimaatregelingssystemen, alarmsystemen en andere elektrische apparatuur, sprinklerinstallaties, liften en roltrappen enzovoort. Ook vallen hieronder isolatiewerkzaamheden (vochtwering, warmte- en geluidsisolatie), het aanbrengen van metalen beplating, de installatie van commerciële koelapparatuur, verlichtings- en signaleringssystemen voor wegen, spoorwegen, luchthavens, havens enzovoort. Het uitvoeren van reparaties in verband met deze activiteiten is ook inbegrepen. 
De afwerking van gebouwen omvat werkzaamheden die zijn gericht op de afwerking of voltooiing van een bouwwerk, zoals glaszetten, stukadoorswerk, schilderen, sauzen, het aanbrengen van vloer- of wandtegels of van andere bekleding of bedekking zoals parket, tapijt, behang enzovoort, schuren van vloeren, aftimmeren, geluidstechnische werkzaamheden enzovoort. Het uitvoeren van reparaties in verband met deze activiteiten is ook inbegrepen. 
Deze sectie omvat niet: 
- de bouw of installatie van industriële apparatuur en machines (bijvoorbeeld de installatie van industriële ovens, turbines enzovoort) 
(sectie C); 
- het optrekken van volledige geprefabriceerde gebouwen of bouwwerken van zelf vervaardigde onderdelen wordt ingedeeld bij de toepasselijke rubriek van de sectie Industrie, afhankelijk van het materiaal waaruit deze voornamelijk bestaan. Indien dit echter beton is, wordt deze activiteit in deze afdeling ingedeeld."
350100;11;BedrijfstakkenBranchesSBI2008;55;41 Algemene bouw en projectontwikkeling;Algemene burgerlijke en utiliteitsbouw en projectontwikkeling
350600;11;BedrijfstakkenBranchesSBI2008;56;42 Grond-, water-  en wegenbouw;Grond-, water- en wegenbouw (geen grondverzet)
351900;11;BedrijfstakkenBranchesSBI2008;57;43 Gespecialiseerde bouw;Gespecialiseerde werkzaamheden in de bouw
300006;4;BedrijfstakkenBranchesSBI2008;58;G-I Handel, vervoer en horeca;"Handel, vervoer en horeca 
Deze categorie is een samentelling van categorieën: 
G Groot- en detailhandel; reparatie van auto's 
H Vervoer en opslag 
I Logies-, maaltijd- en drankverstrekking"
354200;3;BedrijfstakkenBranchesSBI2008;59;G Handel;"Groot- en detailhandel; reparatie van auto's 
Deze sectie omvat: 
- de groot- en detailhandel (verkoop zonder aanbrengen van veranderingen) in alle soorten goederen en de diensten die bij de verkoop van goederen worden verleend; 
- tussenhandel/handelsbemiddeling; 
- reparatie van auto's en motoren. 
De verkoop zonder bewerking omvat de in de handel gebruikelijke handelingen, bijvoorbeeld sorteren, samenvoegen en combineren van goederen, mengen (versnijden) van goederen (bijvoorbeeld wijn of zand), bottelen (met of zonder reiniging van de fles vooraf), verpakken, opsplitsen en anders verpakken van partijen stukgoederen voor distributie in kleinere hoeveelheden, opslag (al dan niet bevroren of gekoeld), schoonmaken en drogen van landbouwproducten, snijden van houtvezel- of metalen platen voor eigen rekening. 
Groothandel is de wederverkoop (verkoop zonder aanbrengen van veranderingen) van nieuwe en gebruikte goederen aan de detailhandel, aan industriële en andere bedrijfsmatige gebruikers, of aan andere groothandelaren, alsmede de handelsbemiddeling bij de aankoop van goederen voor of de verkoop van goederen aan dergelijke personen of bedrijven. De belangrijkste soort van groothandel is de groothandel in goederen, dat wil zeggen groothandelaren die goederen verkopen die zij in eigendom hebben zoals grossiers, dealers, exporteurs, importeurs en coöperatieve inkooporganisaties, verkooporganisaties en verkoopkantoren (detailhandelsbedrijven uitgezonderd) van industriële ondernemingen, die tot taak hebben de producten ervan op de markt te brengen. 
Tussenhandel/handelsbemiddeling is het samenbrengen van koper en verkoper of het uitvoeren van transacties voor rekening van derden. Inbegrepen zijn makelaars op goederenbeurzen, commissionairs, en andere op commissiebasis werkzame tussenpersonen. 
Detailhandel is de wederverkoop (verkoop zonder aanbrengen van veranderingen) van nieuwe en gebruikte goederen hoofdzakelijk aan het publiek voor persoonlijk of huishoudelijk ge- of verbruik, op de markt of door winkels, warenhuizen, postorderbedrijven, straathandelaren, consumentencoöperaties, veilinghuizen enzovoort. De meeste detailhandelaren zijn eigenaar van de goederen die zij verkopen, maar sommigen werken als tussenpersoon voor een opdrachtgever en verkopen in consignatie dan wel op commissiebasis."
354300;12;BedrijfstakkenBranchesSBI2008;60;45 Autohandel en -reparatie;Handel in en reparatie van auto's, motorfietsen en aanhangers
356900;12;BedrijfstakkenBranchesSBI2008;61;46 Groothandel en handelsbemiddeling;"Groothandel en handelsbemiddeling (niet in auto's en motorfietsen) 
Deze afdeling omvat de groepen: 
461 Handelsbemiddeling 
462 Groothandel in landbouwproducten en levende dieren 
463 Groothandel in voedings- en genotmiddelen 
464 Groothandel in consumentenartikelen 
465 Groothandel in ICT-apparatuur 
466 Groothandel in machines en benodigdheden voor industrie en handel 
467 Overige gespecialiseerde groothandel 
469 Niet-gespecialiseerde groothandel"
371600;12;BedrijfstakkenBranchesSBI2008;62;47 Detailhandel (niet in auto's);"Detailhandel (niet in auto's) 
Tot de detailhandel wordt gerekend: 
De verkoop van niet zelfvervaardigde goederen, zowel nieuw als tweedehands, aan consumenten. 
De volgende distributievormen worden onderscheiden: 
- winkelverkoop (471 - 477); 
- markthandel (478); 
- verkoop via internet, thuiswinkels, postorderverkoop, telefonische verkoop, verkoop via radio en televisie (479); 
- colportage, verkoop via huisparty's (4799.1); 
- straathandel (4799.2); 
- automatenverkoop, verkoop vanuit woonhuis, magazijn, werkplaats (4799.9). 
Tot de detailhandel wordt ook gerekend de tussenpersonen/bemiddeling in de detailhandel (4799.9, internetveilingen: 4791). 
Tot de detailhandel in winkel wordt gerekend: 
Verkoop van voor aflevering gereed zijnde goederen (die naar aard en vorm niet bedoeld zijn om ter plaatse te worden geconsumeerd) aan elke zich aandienende finale consument, gekoppeld aan de expositie van een assortiment, in of vanuit een ommuurde en overspannen ruimte en waarbij deze ruimte zelf of het complex waarin deze ruimte is opgenomen voor het publiek toegankelijk moet zijn. 
Tot de detailhandel in winkel wordt ook gerekend: 
- een boekenkiosk binnen de stationshal; 
- een fruitkraam in de hal van een ziekenhuis; 
- een noodwinkel; 
- een ""shop in de shop"". 
Tot de detailhandel in winkel wordt niet gerekend: 
- de verkoop vanuit markthallen via al dan niet verplaatsbare kramen; wordt tot de markthandel gerekend; 
- de verkoop op beurzen en tentoonstellingen; wordt tot de overige vormen van detailhandel gerekend; 
- de verkoop van auto's, motoren en motorbrandstoffen; wordt tot afdeling 45 gerekend; 
- de verkoop vanuit woonhuis (met geen voor het publiek toegankelijke ruimte), vanuit magazijn of werkplaats; deze verkoop aan particulieren wordt tot de overige vormen van detailhandel gerekend."
383100;3;BedrijfstakkenBranchesSBI2008;63;H Vervoer en opslag;"Vervoer en opslag 
Deze sectie omvat: 
- het vervoer van personen of goederen, al dan niet volgens een dienstregeling, per spoor, via een pijpleiding, over de weg, over water of door de lucht; 
- de ondersteunende activiteiten als terminal- en parkeerfaciliteiten, vrachtbehandeling, opslag enz.; 
- de posterijen; 
- de verhuur van transportmiddelen met bestuurder of bedienend personeel. 
Deze sectie omvat niet: 
- het onderhoud en de reparatie van auto's (45)."
383200;13;BedrijfstakkenBranchesSBI2008;64;49 Vervoer over land;"Vervoer over land 
Deze afdeling omvat: 
- personen- en goederenvervoer over de weg en per spoor. 
Deze klasse omvat niet: 
- exploitatie van toeristische spoorlijnen (93.21.1)."
384900;13;BedrijfstakkenBranchesSBI2008;65;50 Vervoer over water;"Vervoer over water 
Deze afdeling omvat: 
- vervoer van vracht en personen over zee en binnenwateren."
386300;13;BedrijfstakkenBranchesSBI2008;66;51 Vervoer door de lucht;"Luchtvaart 
Deze afdeling omvat: 
- vervoer van passagiers en vracht door de lucht."
386800;13;BedrijfstakkenBranchesSBI2008;67;52 Opslag, dienstverlening voor vervoer;Opslag en dienstverlening voor vervoer
388400;13;BedrijfstakkenBranchesSBI2008;68;53 Post en koeriers;"Post en koeriers 
Deze afdeling omvat: 
- nationale en lokale postdiensten; 
- koeriersbedrijven."
389100;3;BedrijfstakkenBranchesSBI2008;69;I Horeca;"Logies-, maaltijd- en drankverstrekking 
Deze sectie omvat: 
- het aan gasten verschaffen van logies en/of bereide maaltijden, snacks en dranken voor onmiddellijke consumptie. 
De verschillende activiteiten in sectie I overlappen elkaar in zekere mate, omdat bijvoorbeeld de verkoop van dranken een activiteit op zich is, maar ook deel uitmaakt van de activiteiten van een restaurant (waar bij de 
maaltijden dranken worden verstrekt) en dan met de verkoop van maaltijden bij 56.1 (Restaurants) wordt ingedeeld. Evenzo vormt de exploitatie van een restaurant een aparte activiteit, maar kan zij ook deel uitmaken van een bedrijf dat logies verschaft. 
Logiesverschaffende eenheden bieden reizigers, vakantiegangers en anderen accommodatie voor kortstondig verblijf (korter dan 3 maanden) aan. Er zijn vele verschillende eenheden. Sommige verschaffen alleen logies, terwijl andere naast logies ook maaltijden en recreatieve faciliteiten aanbieden. Het soort aanvullende dienstverlening kan van eenheid tot eenheid verschillen. 
Restaurants verstrekken volledige, voor onmiddellijke consumptie geschikte maaltijden, ongeacht of het traditionele restaurants, zelfbedienings- of afhaalrestaurants, dan wel permanente of tijdelijke viskramen en 
dergelijke met of zonder zitplaatsen zijn. Bepalend is het feit dat er voor onmiddellijke consumptie geschikte maaltijden worden aangeboden, niet het soort gelegenheid dat deze maaltijden verstrekt. 
Deze sectie omvat niet: 
- de productie van maaltijden niet voor onmiddellijke consumptie geschikt of maaltijden of bereid voedsel dat niet als maaltijd wordt beschouwd (SBI 10: voedingsmiddelenindustrie); 
- de verkoop van niet zelf vervaardigd voedsel dat niet als maaltijd wordt beschouwd of van niet voor onmiddellijke consumptie geschikte maaltijden (SBI 46 groothandel of SBI 47 detailhandel afhankelijk van de afnemerscategorie)."
389200;14;BedrijfstakkenBranchesSBI2008;70;55 Logiesverstrekking;Logiesverstrekking
390500;14;BedrijfstakkenBranchesSBI2008;71;56 Eet- en drinkgelegenheden;Eet- en drinkgelegenheden
391600;3;BedrijfstakkenBranchesSBI2008;72;J Informatie en communicatie;"Informatie en communicatie 
Deze sectie omvat: 
- de productie en distributie van informatie, de voorziening van de infrastructuur om die informatie door te geven, alsmede activiteiten op het gebied van data- en communicatie-informatietechnologie en het bewerken van data en andere informatie. 
De belangrijkste activiteiten die hier ingedeeld worden zijn het uitgeven (afdeling 58, incl. het uitgeven van software), productie van films en geluidsopnamen (afdeling 59) radio en TV (afdeling 60), telecommunicatie (afdeling 61), informatietechnologie (afdeling 62) en andere dienstverlening op het gebied van informatie (afdeling 63). Uitgeven omvat ook het verkrijgen van de copyrights voor de content (informatieproducten) en het toegankelijk maken hiervan voor een breed publiek. Alle mogelijke vormen van uitgeven vallen onder deze sectie (in drukvorm, elektronisch of audio, op het internet, als multimediaproduct enzovoorts)."
391700;15;BedrijfstakkenBranchesSBI2008;73;58 Uitgeverijen;Uitgeverijen
391705;27;BedrijfstakkenBranchesSBI2008;74;58-60 Uitgeverijen, film,radio en t.v.;"Uitgeverijen, film, radio en televisie 
Deze categorie is een samentelling van categorieën: 
58 Uitgeverijen 
59 Productie en distributie van films en televisieprogramma's; maken en uitgeven van geluidsopnamen 
60 Verzorgen en uitzenden van radio- en televisieprogramma's"
392600;15;BedrijfstakkenBranchesSBI2008;75;"59 Film- en tv-productie; geluidsopname";"Productie en distributie van films en televisieprogramma´s; maken en uitgeven van geluidsopnamen"
393600;15;BedrijfstakkenBranchesSBI2008;76;60 Radio- en televisieomroepen;Verzorgen en uitzenden van radio- en televisieprogramma's
394100;15;BedrijfstakkenBranchesSBI2008;77;61 Telecommunicatie;"Telecommunicatie 
Deze afdeling omvat: 
- exploitatie, onderhoud en bieden van toegang tot het overbrengen van gesproken woord, data, tekst, geluid en beelden via eigen draadgebonden telecommunicatie-infrastructuur: 
 w.o. exploitatie en onderhoud van schakel- en zendstations; 
 w.o. aanbieden van vaste telefonie; 
 w.o. kabelexploitatie (voor TV, data etc.); 
 w.o. verlenen van internettoegang via ADSL of kabel (eventueel in combinatie met aanvullende diensten als email-/webpagina servers, en spam-/virusscan); 
 w.o. Centrale Antenne Inrichtingen (CAI's); 
- exploitatie, onderhoud en bieden van toegang tot het overbrengen van gesproken woord, data, tekst, geluid en beelden via eigen draadloze telecommunicatie-infrastructuur, zoals het aanbieden van draadloos internet via eigen infrastructuur en exploitatie van mobiele netwerken; 
- exploitatie, onderhoud en bieden van toegang tot het overbrengen van gesproken woord, data, tekst, geluid en beelden via satelliet; 
- belwinkels en belhuizen; 
- internetcafés; 
- internetproviders (zonder eigen infrastructuur); 
- voicing services (technisch functioneren als telefooncentrale van een bedrijf, dus geen callcenters); 
- aanbieden van VoIP (bellen over internet)."
395005;27;BedrijfstakkenBranchesSBI2008;78;62-63 IT- en informatiedienstverlening;"Dienstverlenende activiteiten op het gebied van IT en informatie 
Deze categorie is een samentelling van categorieën: 
62 Dienstverlenende activiteiten op het gebied van informatietechnologie 
63 Dienstverlenende activiteiten op het gebied van informatie"
395000;15;BedrijfstakkenBranchesSBI2008;79;62 IT-dienstverlening;Dienstverlenende activiteiten op het gebied van informatietechnologie
395600;15;BedrijfstakkenBranchesSBI2008;80;63 Diensten op het gebied van informatie;Dienstverlenende activiteiten op het gebied van informatie
396300;3;BedrijfstakkenBranchesSBI2008;81;K Financiële dienstverlening;"Financiële instellingen 
Deze sectie omvat: 
- financiële instellingen; 
- verzekeringswezen en pensioenfondsen (geen verplichte sociale verzekeringen); 
- financiële beurzen, effectenmakelaars, assurantietussenpersonen, administratiekantoren voor aandelen, waarborgfondsen en dergelijke."
396400;16;BedrijfstakkenBranchesSBI2008;82;64 Bankwezen;Financiële instellingen (geen verzekeringen en pensioenfondsen)
398700;16;BedrijfstakkenBranchesSBI2008;83;65 Verzekeraars en pensioenfondsen;Verzekeringen en pensioenfondsen (geen verplichte sociale verzekeringen)
400200;16;BedrijfstakkenBranchesSBI2008;84;66 Overige financiële dienstverlening;Overige financiële dienstverlening
402000;3;BedrijfstakkenBranchesSBI2008;85;L Verhuur en handel van onroerend goed;"Verhuur van en handel in onroerend goed 
Deze sectie omvat: 
- verhuur van onroerend goed; 
- bemiddeling in en beheer van onroerend goed."
402100;17;BedrijfstakkenBranchesSBI2008;86;68 Verhuur en handel van onroerend goed;"Verhuur van en handel in onroerend goed 
Deze divisie omvat: 
- verhuur van onroerend goed; 
- bemiddeling in en beheer van onroerend goed."
300010;4;BedrijfstakkenBranchesSBI2008;87;M-N Zakelijke dienstverlening;"Zakelijke dienstverlening 
Deze categorie is een samentelling van categorieën: 
M Advisering, onderzoek en overige specialistische zakelijke dienstverlening 
N Verhuur van roerende goederen en overige zakelijke dienstverlening"
403300;3;BedrijfstakkenBranchesSBI2008;88;M Specialistische zakelijke diensten;"Advisering, onderzoek en overige specialistische zakelijke dienstverlening 
Deze sectie omvat: 
- gespecialiseerde professionele wetenschappelijke en technische activiteiten. Deze activiteiten vereisen een hoge opleiding en stellen specifieke kennis ter beschikking."
403400;18;BedrijfstakkenBranchesSBI2008;89;69 Juridische diensten en administratie;Rechtskundige dienstverlening, accountancy, belastingadvisering en administratie
403405;27;BedrijfstakkenBranchesSBI2008;90;69-71 Management- en technisch advies;"Juridische en managementadvisering, accountancy, architecten en ingenieurs 
Deze categorie is een samentelling van categorieën: 
69 Rechtskundige dienstverlening, accountancy, belastingadvisering en administratie 
70 Holdings (geen financiële), concerndiensten binnen eigen concern en managementadvisering 
71 Architecten en ingenieurs"
404900;18;BedrijfstakkenBranchesSBI2008;91;70 Holdings en managementadviesbureaus;Holdings (geen financiële), concerndiensten binnen eigen concern en managementadvisering
405900;18;BedrijfstakkenBranchesSBI2008;92;71 Architecten-, ingenieursbureaus e.d.;"Architecten, ingenieurs en technisch ontwerp en advies; keuring en controle"
406800;18;BedrijfstakkenBranchesSBI2008;93;72 Research;Speur- en ontwikkelingswerk
408105;27;BedrijfstakkenBranchesSBI2008;94;73-75 Reclame, design, overige diensten;"Overige specialistische zakelijke dienstverlening 
Deze categorie is een samentelling van categorieën: 
73 Reclame en marktonderzoek 
74 Industrieel ontwerp en vormgeving, fotografie, vertaling en overige consultancy 
75 Veterinaire dienstverlening"
408100;18;BedrijfstakkenBranchesSBI2008;95;73 Reclamewezen en marktonderzoek;Reclame en marktonderzoek
408700;18;BedrijfstakkenBranchesSBI2008;96;74 Design, fotografie, vertaalbureaus;Industrieel ontwerp en vormgeving, fotografie, vertaling en overige consultancy
409900;18;BedrijfstakkenBranchesSBI2008;97;75 Veterinaire dienstverlening;"Veterinaire dienstverlening 
Deze afdeling omvat: 
- gezondheidszorg voor vee en huisdieren; 
- dierenambulances; 
- advisering over welzijn en voeding van huisdieren. 
Deze klasse omvat niet: 
- veepedicure (01.62); 
- keurings- en controlediensten voor vee en vlees (71.20.1): 
- dierenasielen en -pensions (96.09)."
410200;3;BedrijfstakkenBranchesSBI2008;98;N Verhuur en overige zakelijke diensten;"Verhuur van roerende goederen en overige zakelijke dienstverlening 
Deze sectie omvat: 
- activiteiten die zakelijke gebruikers ondersteunen bij de bedrijfsvoering. Het verschil van deze activiteiten met die uit sectie M is dat de activiteiten uit deze sectie niet primair gericht zijn op het overbrengen van expertise en kennis."
410300;19;BedrijfstakkenBranchesSBI2008;99;77 Verhuur van roerende goederen;Verhuur en lease van auto's, consumentenartikelen, machines en overige roerende goederen
412700;19;BedrijfstakkenBranchesSBI2008;100;78 Uitzendbureaus en arbeidsbemiddeling;Arbeidsbemiddeling, uitzendbureaus en personeelsbeheer
413700;19;BedrijfstakkenBranchesSBI2008;101;79 Reisbureaus, reisorganisatie en -info;Reisbemiddeling, reisorganisatie, toeristische informatie en reserveringsbureaus
414300;19;BedrijfstakkenBranchesSBI2008;102;80 Beveiligings- en opsporingsdiensten;Beveiliging en opsporing
415000;19;BedrijfstakkenBranchesSBI2008;103;81 Schoonmaakbedrijven, hoveniers e.d.;Facility management, reiniging en landschapsverzorging
415900;19;BedrijfstakkenBranchesSBI2008;104;82 Overige zakelijke dienstverlening;Overige zakelijke dienstverlening
300012;4;BedrijfstakkenBranchesSBI2008;105;O-Q Overheid en zorg;"Overheid en zorg 
Deze categorie is een samentelling van categorieën: 
O Openbaar bestuur, overheidsdiensten en verplichte sociale verzekeringen 
P Onderwijs 
Q Gezondheids- en welzijnszorg"
417400;3;BedrijfstakkenBranchesSBI2008;106;O Openbaar bestuur en overheidsdiensten;"Openbaar bestuur, overheidsdiensten en verplichte sociale verzekeringen 
Deze sectie omvat: 
- eenheden die deel uitmaken van de lagere of centrale overheid en die tot een goede werking van het bestuur van de samenleving bijdragen en ook het beheer van de verplichte sociale verzekeringsregelingen; 
- defensie, justitie, politie, buitenlandse zaken enzovoort; 
- het algemeen openbaar bestuur (bijvoorbeeld uitvoerende, wetgevende, financiële taken enzovoort op alle bestuursniveaus) en het toezicht op het economische en sociale leven; 
- provincies en gemeentes; 
- het beheer van de verplichte socialeverzekeringsregelingen. 
Activiteiten die elders in de SBI zijn geclassificeerd vallen niet onder afdeling 75, ook al worden zij door overheidinstanties uitgevoerd. Enkele voorbeelden: 
- het beheer van het onderwijsstelsel (d.w.z. regelgeving, inspecties, onderwijsprogramma's) valt onder deze sectie O, maar het onderwijs zelf valt onder afdeling 85 ""Onderwijs""; 
- militaire en penitentiaire ziekenhuizen worden ingedeeld bij afdeling 86 ""Gezondheidszorg""; 
- inzameling en verwerking van afvalwater en afval valt onder afdeling 38 ""Milieudienstverlening""."
417500;20;BedrijfstakkenBranchesSBI2008;107;84 Openbaar bestuur en overheidsdiensten;Openbaar bestuur, overheidsdiensten en verplichte sociale verzekeringen
419000;3;BedrijfstakkenBranchesSBI2008;108;P Onderwijs;"Onderwijs 
Deze sectie omvat: 
- alle vormen van openbaar en particulier onderwijs, op elk niveau en voor elk beroep, zowel mondeling en schriftelijk als via radio en televisie; zowel het onderwijs door de instellingen op de verschillende niveaus van het normale schoolstelsel als volwasseneneducatie, alfabetiseringsprogramma's e.d. 
Volwasseneneducatie waarvan de inhoud vergelijkbaar is met die van het onderwijs op een specifiek niveau wordt bij dat niveau ingedeeld. Op ieder niveau van het initiële onderwijs omvatten de klassen het speciale onderwijs aan lichamelijk of geestelijk gehandicapte leerlingen. 
Deze sectie omvat ook: 
- het overige onderwijs, zoals autorijscholen. 
Deze sectie omvat niet: 
- hoofdzakelijk op ontspanning gericht onderwijs, zoals bridge- en golflessen, dansonderwijs (93 of 94)."
419100;21;BedrijfstakkenBranchesSBI2008;109;85 Onderwijs;"Onderwijs 
Deze afdeling omvat: 
- alle vormen van openbaar en particulier onderwijs, op elk niveau en voor elk beroep, zowel mondeling en schriftelijk als via radio en televisie; zowel het onderwijs door de instellingen op de verschillende niveaus van het normale schoolstelsel als volwasseneneducatie, alfabetiseringsprogramma's e.d. 
Volwasseneneducatie waarvan de inhoud vergelijkbaar is met die van het onderwijs op een specifiek niveau wordt bij dat niveau ingedeeld. Op ieder niveau van het initiële onderwijs omvatten de klassen het speciale onderwijs aan lichamelijk of geestelijk gehandicapte leerlingen. 
Deze sectie omvat ook het overige onderwijs, zoals autorijscholen. 
Deze sectie omvat niet hoofdzakelijk op ontspanning gericht onderwijs, zoals bridge- en golflessen, dansonderwijs (93 of 94)."
422400;3;BedrijfstakkenBranchesSBI2008;110;Q Gezondheids- en welzijnszorg;"Gezondheids- en welzijnszorg 
Deze sectie omvat: 
- behandeling in algemene en gespecialiseerde ziekenhuizen; 
- geestelijke gezondheidszorg en verslavingszorg, eventueel in combinatie met overnachting; 
- behandeling door medische en paramedische praktijken; 
- ondersteunende activiteiten voor de gezondheidszorg, door bijvoorbeeld laboratoria en ambulancediensten; 
- verpleging, verzorging of begeleiding met huisvesting door bijvoorbeeld verpleeg- en verzorgingshuizen of via begeleid wonen; 
- welzijnszorg, zoals thuiszorg, lokaal welzijnswerk en hulp aan gehandicapten en ouderen; 
- kinderopvang."
422500;22;BedrijfstakkenBranchesSBI2008;111;86 Gezondheidszorg;"Gezondheidszorg 
Deze afdeling omvat de groepen: 
861 Ziekenhuizen 
862 Medische en tandheelkundige praktijken 
869 Paramedische praktijken en overige ambulante gezondheidszorg"
425300;22;BedrijfstakkenBranchesSBI2008;112;87 Verpleging en zorg met overnachting;"Verpleging, verzorging en begeleiding met overnachting 
Deze afdeling omvat de groepen: 
871 Verpleeghuizen 
872 Huizen en dagverblijven voor verstandelijk gehandicapten en psychiatrische cliënten 
873 Huizen en dagverblijven voor niet-verstandelijk gehandicapten en verzorgingshuizen 
879 Jeugdzorg en maatschappelijke opvang met overnachting"
425305;27;BedrijfstakkenBranchesSBI2008;113;87-88 Verzorging en welzijn;"Verpleging en verzorging met overnachting; welzijnszorg 
Deze categorie is een samentelling van categorieën: 
87 Verpleging, verzorging en begeleiding met overnachting 
88 Maatschappelijke dienstverlening zonder overnachting"
426600;22;BedrijfstakkenBranchesSBI2008;114;88 Welzijnszorg zonder overnachting;Maatschappelijke dienstverlening zonder overnachting
300014;4;BedrijfstakkenBranchesSBI2008;115;R-U Cultuur, recreatie, overige diensten;"Cultuur, recreatie, overige diensten 
Deze categorie is een samentelling van categorieën: 
R Cultuur, sport en recreatie 
S Overige dienstverlening 
T Huishoudens als werkgever; niet- gedifferentieerde productie van goederen en diensten door huishoudens voor eigen gebruik 
U Extraterritoriale organisaties en lichamen"
428100;3;BedrijfstakkenBranchesSBI2008;116;R Cultuur, sport en recreatie;"Cultuur, sport en recreatie 
Deze sectie omvat een wijde range aan activiteiten op het gebied van cultuur en recreatie, zoals culturele voorstellingen, musea, sport en recreatieve evenementen."
428200;23;BedrijfstakkenBranchesSBI2008;117;90 Kunst;Kunst
429300;23;BedrijfstakkenBranchesSBI2008;118;91 Bibliotheken, musea en natuurbehoud;Culturele uitleencentra, openbare archieven, musea, dieren- en plantentuinen, natuurbehoud
430600;23;BedrijfstakkenBranchesSBI2008;119;92 Loterijen en kansspelen;Loterijen en kansspelen
431100;23;BedrijfstakkenBranchesSBI2008;120;93 Sport en recreatie;Sport en recreatie
435500;3;BedrijfstakkenBranchesSBI2008;121;S Overige dienstverlening;"Overige dienstverlening 
Deze sectie omvat (als restcategorie) de activiteiten van belangenverenigingen, reparatie van computers en consumentenartikelen en veel andere activiteiten op het gebied van persoonlijke dienstverlening die niet elders zijn ingedeeld."
435600;24;BedrijfstakkenBranchesSBI2008;122;94 Ideële, belangen-, hobbyverenigingen;Levensbeschouwelijke en politieke organisaties, belangen- en ideële organisaties, hobbyclubs
437500;24;BedrijfstakkenBranchesSBI2008;123;95 Reparatie van consumentenartikelen;Reparatie van computers en consumentenartikelen
438600;24;BedrijfstakkenBranchesSBI2008;124;96 Overige persoonlijke dienstverlening;"Wellness en overige dienstverlening; uitvaartbranche"
440000;3;BedrijfstakkenBranchesSBI2008;125;T Huishoudens;"Huishoudens als werkgever; niet-gedifferentieerde productie van goederen en diensten door huishoudens voor eigen gebruik 
Deze sectie omvat: 
- particuliere huishoudens met huishoudelijk personeel, zoals dienstmeisjes, koks, huisknechten, butlers, tuinlieden, conciërges, staljongens, chauffeurs, huismeesters en babysitters."
440100;25;BedrijfstakkenBranchesSBI2008;126;97 Huishoudens met personeel;Huishoudens als werkgever van huishoudelijk personeel
440400;25;BedrijfstakkenBranchesSBI2008;127;98 Huishoudproductie voor eigen gebruik;Niet-gespecificeerde productie van goederen en diensten door particuliere huishoudens voor eigen gebruik
440900;3;BedrijfstakkenBranchesSBI2008;128;U Extraterritoriale organisaties;"Extraterritoriale organisaties en lichamen 
Deze sectie omvat: 
- internationale organisaties, zoals de Verenigde Naties en hun gespecialiseerde en regionale organisaties, de Europese Unie, de Europese Vrijhandelsassociatie, de Organisatie voor Economische Samenwerking en Ontwikkeling, de Internationale Douaneraad, het Internationaal Monetair Fonds en de Wereldbank; 
- diplomatieke en consulaire vertegenwoordigingen wanneer zij waargenomen worden door het land van vestiging en niet door het land dat zij vertegenwoordigen. 
Deze sectie omvat niet: 
- Nederlandse diplomatieke en consulaire vertegenwoordigingen in het buitenland (84.21)."
441000;26;BedrijfstakkenBranchesSBI2008;129;99 Extraterritoriale organisaties;"Extraterritoriale organisaties en lichamen 
Deze afdeling omvat: 
- internationale organisaties, zoals de Verenigde Naties en hun gespecialiseerde en regionale organisaties, de Europese Unie, de Europese Vrijhandelsassociatie, de Organisatie voor Economische Samenwerking en Ontwikkeling, de Internationale Douaneraad, het Internationaal Monetair Fonds en de Wereldbank. 
- diplomatieke en consulaire vertegenwoordigingen wanneer zij waargenomen worden door het land van vestiging en niet door het land dat zij vertegenwoordigen. 
Deze klasse omvat niet: 
- Nederlandse diplomatieke en consulaire vertegenwoordigingen in het buitenland (84.21)"
